index,data
0,0.0875
1,0.09
2,0.09
3,0.0875
4,0.0875
5,0.085
6,0.09
7,0.09
8,0.09
9,0.09
10,0.085
11,0.0875
12,0.0825
13,0.0875
14,0.09
15,0.09
16,0.09
17,0.0875
18,0.09
19,0.09
20,0.085
21,0.09
22,0.085
23,0.09
24,0.09
25,0.09
26,0.0875
27,0.085
28,0.0875
29,0.09
30,0.085
31,0.09
32,0.085
33,0.0875
34,0.0875
35,0.0875
36,0.0875
37,0.0875
38,0.085
39,0.09
40,0.0875
41,0.09
42,0.085
43,0.09
44,0.09
45,0.09
46,0.09
47,0.085
48,0.0875
49,0.0875
50,0.085
51,0.0875
52,0.09
53,0.09
54,0.085
55,0.085
56,0.0875
57,0.0875
58,0.08
59,0.0825
60,0.09
61,0.09
62,0.09
63,0.0825
64,0.08
65,0.09
66,0.09
67,0.09
68,0.085
69,0.09
70,0.0875
71,0.0875
72,0.09
73,0.085
74,0.09
75,0.0825
76,0.09
77,0.09
78,0.09
79,0.085
80,0.0925
81,0.09
82,0.09
83,0.09
84,0.0875
85,0.0875
86,0.0875
87,0.085
88,0.0875
89,0.09
90,0.085
91,0.09
92,0.09
93,0.0825
94,0.085
95,0.0825
96,0.09
97,0.09
98,0.0875
99,0.09
100,0.085
101,0.09
102,0.0825
103,0.0875
104,0.09
105,0.09
106,0.085
107,0.09
108,0.0875
109,0.0875
110,0.09
111,0.09
112,0.09
113,0.09
114,0.09
115,0.0875
116,0.09
117,0.085
118,0.0875
119,0.09
120,0.1
121,0.165
122,0.2025
123,0.215
124,0.22
125,0.14
126,0.0925
127,0.09
128,0.0925
129,0.09
130,0.0975
131,0.0925
132,0.0925
133,0.095
134,0.09
135,0.0925
136,0.095
137,0.0925
138,0.0975
139,0.09
140,0.0925
141,0.09
142,0.0925
143,0.095
144,0.09
145,0.1
146,0.0925
147,0.0925
148,0.0975
149,0.095
150,0.03
151,-0.06
152,-0.2075
153,-0.35
154,-0.44
155,-0.5475
156,-0.6575
157,-0.755
158,-0.82
159,-0.845
160,-0.855
161,-0.8775
162,-0.905
163,-0.9275
164,-0.94
165,-0.945
166,-0.9475
167,-0.95
168,-0.95
169,-0.95
170,-0.95
171,-0.95
172,-0.955
173,-0.97
174,-0.98
175,-0.97
176,-0.955
177,-0.9525
178,-0.96
179,-0.96
180,-0.955
181,-0.955
182,-0.9525
183,-0.9525
184,-0.93
185,-0.89
186,-0.7775
187,-0.5375
188,-0.275
189,0.085
190,0.09
191,0.09
192,0.1125
193,0.1675
194,0.295
195,0.35
196,0.3625
197,0.365
198,0.36
199,0.3375
200,0.2275
201,0.09
202,0.0875
203,0.0875
204,0.09
205,0.09
206,0.09
207,0.09
208,0.09
209,0.095
210,0.09
211,0.09
212,0.12
213,0.1875
214,0.2525
215,0.2675
216,0.225
217,0.115
218,0.0825
219,0.085
220,0.095
221,0.0875
222,0.0825
223,0.085
224,0.085
225,0.0125
226,-0.0525
227,-0.075
228,-0.07
229,0.0275
230,0.085
231,0.0825
232,0.06
233,-0.045
234,-0.1275
235,-0.15
236,-0.085
237,0.06
238,0.09
239,0.085
240,0.0875
241,0.09
242,0.0875
243,0.085
244,0.0825
245,0.085
246,0.085
247,0.0825
248,0.0825
249,0.085
250,0.0825
251,-0.0075
252,-0.1175
253,-0.195
254,-0.2475
255,-0.27
256,-0.305
257,-0.33
258,-0.36
259,-0.4275
260,-0.5075
261,-0.565
262,-0.6325
263,-0.73
264,-0.785
265,-0.8475
266,-0.9275
267,-0.97
268,-0.9725
269,-0.99
270,-0.99
271,-0.9875
272,-0.99
273,-0.99
274,-0.9875
275,-0.9875
276,-0.99
277,-0.99
278,-0.9825
279,-0.9875
280,-0.9875
281,-0.985
282,-0.99
283,-1.0
284,-0.9875
285,-0.9875
286,-0.985
287,-0.9875
288,-0.9625
289,-0.925
290,-0.7925
291,-0.3725
292,-0.145
293,0.0675
294,0.09
295,0.0875
296,0.09
297,0.085
298,0.09
299,0.085
300,0.09
301,0.0825
302,0.0875
303,0.0875
304,0.0875
305,0.09
306,0.09
307,0.0875
308,0.0875
309,0.0875
310,0.0825
311,0.0875
312,0.0875
313,0.0925
314,0.09
315,0.09
316,0.0875
317,0.09
318,0.0875
319,0.0875
320,0.0875
321,0.09
322,0.1075
323,0.18
324,0.2525
325,0.3
326,0.2975
327,0.24
328,0.1325
329,0.0775
330,0.085
331,0.09
332,0.09
333,0.0875
334,0.09
335,0.09
336,0.09
337,0.095
338,0.085
339,0.0875
340,0.085
341,0.09
342,0.0875
343,0.09
344,0.0875
345,0.0825
346,0.0225
347,-0.0975
348,-0.2675
349,-0.435
350,-0.5425
351,-0.6175
352,-0.6825
353,-0.7125
354,-0.7275
355,-0.7325
356,-0.7525
357,-0.7975
358,-0.84
359,-0.8725
360,-0.8925
361,-0.9
362,-0.9
363,-0.9
364,-0.8525
365,-0.6525
366,-0.25
367,0.02
368,0.0875
369,0.085
370,0.085
371,0.1
372,0.1025
373,0.165
374,0.23
375,0.3025
376,0.3525
377,0.3975
378,0.4275
379,0.475
380,0.555
381,0.59
382,0.62
383,0.6775
384,0.7175
385,0.725
386,0.735
387,0.7525
388,0.77
389,0.785
390,0.7875
391,0.79
392,0.785
393,0.79
394,0.785
395,0.7875
396,0.7825
397,0.78
398,0.7825
399,0.785
400,0.7525
401,0.7275
402,0.675
403,0.6175
404,0.57
405,0.52
406,0.38
407,0.19
408,0.0925
409,0.095
410,0.095
411,0.1
412,0.09
413,0.095
414,0.095
415,0.0975
416,0.095
417,0.0925
418,0.09
419,0.0925
420,0.0925
421,0.08
422,0.06
423,-0.015
424,-0.095
425,-0.15
426,-0.205
427,-0.2325
428,-0.245
429,-0.265
430,-0.305
431,-0.35
432,-0.3825
433,-0.4125
434,-0.4475
435,-0.47
436,-0.5
437,-0.5275
438,-0.56
439,-0.605
440,-0.66
441,-0.725
442,-0.77
443,-0.8275
444,-0.85
445,-0.865
446,-0.905
447,-0.9375
448,-0.95
449,-0.955
450,-0.97
451,-0.98
452,-0.9825
453,-0.9825
454,-0.9825
455,-0.98
456,-0.98
457,-0.975
458,-0.98
459,-0.98
460,-0.98
461,-0.985
462,-0.98
463,-0.98
464,-0.9825
465,-0.98
466,-0.98
467,-0.98
468,-0.98
469,-0.98
470,-0.975
471,-0.965
472,-0.95
473,-0.9375
474,-0.94
475,-0.935
476,-0.9325
477,-0.8875
478,-0.8075
479,-0.725
480,-0.5925
481,-0.2425
482,0.015
483,0.0825
484,0.08
485,0.085
486,0.09
487,0.105
488,0.16
489,0.2225
490,0.25
491,0.23
492,0.155
493,0.09
494,0.0925
495,0.09
496,0.09
497,0.0875
498,0.0975
499,0.09
500,0.09
501,0.0925
502,0.095
503,0.0975
504,0.09
505,0.09
506,0.09
507,0.09
508,0.09
509,0.09
510,0.0925
511,0.09
512,0.095
513,0.09
514,0.09
515,0.09
516,0.09
517,0.09
518,0.0875
519,0.0875
520,0.09
521,0.09
522,0.0925
523,0.0925
524,0.09
525,0.09
526,0.0925
527,0.1
528,0.0875
529,0.09
530,0.09
531,0.09
532,0.09
533,0.0775
534,0.065
535,0.025
536,-0.0175
537,-0.04
538,-0.05
539,-0.1125
540,-0.1525
541,-0.2
542,-0.2625
543,-0.295
544,-0.33
545,-0.3625
546,-0.395
547,-0.46
548,-0.52
549,-0.5575
550,-0.6075
551,-0.6425
552,-0.7
553,-0.7325
554,-0.75
555,-0.8125
556,-0.86
557,-0.9075
558,-0.9325
559,-0.9475
560,-0.95
561,-0.96
562,-0.97
563,-0.965
564,-0.965
565,-0.97
566,-0.9675
567,-0.965
568,-0.97
569,-0.965
570,-0.9675
571,-0.97
572,-0.97
573,-0.97
574,-0.97
575,-0.97
576,-0.97
577,-0.965
578,-0.965
579,-0.9625
580,-0.97
581,-0.965
582,-0.97
583,-0.965
584,-0.9675
585,-0.97
586,-0.97
587,-0.9675
588,-0.97
589,-0.9675
590,-0.97
591,-0.97
592,-0.9625
593,-0.9475
594,-0.9175
595,-0.8625
596,-0.795
597,-0.73
598,-0.665
599,-0.6075
600,-0.59
601,-0.5775
602,-0.565
603,-0.5425
604,-0.525
605,-0.4725
606,-0.4025
607,-0.35
608,-0.325
609,-0.31
610,-0.31
611,-0.31
612,-0.31
613,-0.2775
614,-0.0375
615,0.0825
616,0.09
617,0.085
618,0.0825
619,0.0825
620,0.09
621,0.0875
622,0.09
623,0.085
624,0.0875
625,0.0875
626,0.0875
627,0.0875
628,0.085
629,0.0875
630,0.085
631,0.09
632,0.08
633,0.08
634,0.085
635,0.0975
636,0.095
637,0.1
638,0.1
639,0.1025
640,0.1125
641,0.135
642,0.14
643,0.15
644,0.1525
645,0.15
646,0.15
647,0.1525
648,0.15
649,0.15
650,0.14
651,0.15
652,0.15
653,0.145
654,0.0975
655,0.0925
656,0.09
657,0.095
658,0.0925
659,0.09
660,0.09
661,0.09
662,0.0925
663,0.0925
664,0.09
665,0.0925
666,0.095
667,0.09
668,0.09
669,0.0975
670,0.09
671,0.09
672,0.0925
673,0.09
674,0.09
675,0.09
676,0.0975
677,0.095
678,0.095
679,0.0925
680,0.09
681,0.11
682,0.145
683,0.15
684,0.1525
685,0.15
686,0.125
687,0.0925
688,0.09
689,0.09
690,0.085
691,0.0875
692,0.0875
693,0.0875
694,0.09
695,0.085
696,0.09
697,0.14
698,0.185
699,0.2125
700,0.235
701,0.2225
702,0.145
703,0.0875
704,0.085
705,0.09
706,0.085
707,0.0825
708,0.09
709,0.08
710,0.0825
711,0.08
712,0.1275
713,0.1875
714,0.215
715,0.225
716,0.1875
717,0.1125
718,0.0825
719,0.09
720,0.09
721,0.0875
722,0.0875
723,0.0825
724,0.0825
725,0.0875
726,0.0825
727,0.0875
728,0.0775
729,0.09
730,0.0875
731,0.0925
732,0.0925
733,0.0825
734,0.08
735,0.0875
736,0.0875
737,0.0875
738,0.0875
739,0.085
740,0.085
741,0.085
742,0.0825
743,0.09
744,0.085
745,0.0825
746,0.0875
747,0.09
748,0.085
749,0.0825
750,0.0875
751,0.085
752,0.0825
753,0.0825
754,0.0825
755,0.08
756,0.0825
757,0.085
758,0.09
759,0.0875
760,0.085
761,0.085
762,0.085
763,0.0825
764,0.0825
765,0.0875
766,0.0875
767,0.09
768,0.085
769,0.09
770,0.085
771,0.085
772,0.08
773,0.0875
774,0.0875
775,0.09
776,0.09
777,0.09
778,0.085
779,0.0875
780,0.09
781,0.0825
782,0.085
783,0.085
784,0.0875
785,0.085
786,0.09
787,0.085
788,0.09
789,0.0825
790,0.09
791,0.0825
792,0.09
793,0.0675
794,0.025
795,-0.015
796,-0.0475
797,-0.0825
798,-0.1075
799,-0.13
800,-0.1475
801,-0.1725
802,-0.215
803,-0.235
804,-0.2625
805,-0.2875
806,-0.2975
807,-0.34
808,-0.3825
809,-0.4025
810,-0.435
811,-0.475
812,-0.495
813,-0.5175
814,-0.5475
815,-0.6
816,-0.62
817,-0.6575
818,-0.7
819,-0.72
820,-0.74
821,-0.735
822,-0.74
823,-0.7375
824,-0.74
825,-0.735
826,-0.7475
827,-0.7775
828,-0.8375
829,-0.875
830,-0.9175
831,-0.9325
832,-0.9475
833,-0.9475
834,-0.95
835,-0.9625
836,-0.9775
837,-0.975
838,-0.975
839,-0.975
840,-0.975
841,-0.975
842,-0.9725
843,-0.965
844,-0.955
845,-0.9375
846,-0.92
847,-0.875
848,-0.79
849,-0.5325
850,-0.0225
851,0.075
852,0.085
853,0.085
854,0.09
855,0.0875
856,0.0825
857,0.09
858,0.09
859,0.09
860,0.06
861,-0.03
862,-0.11
863,-0.1275
864,-0.115
865,-0.0375
866,0.0775
867,0.09
868,0.085
869,0.0875
870,0.09
871,0.09
872,0.09
873,0.0875
874,0.0275
875,-0.0925
876,-0.1625
877,-0.185
878,-0.2
879,-0.205
880,-0.21
881,-0.2025
882,-0.155
883,-0.02
884,0.0875
885,0.09
886,0.09
887,0.09
888,0.085
889,0.09
890,0.0925
891,0.09
892,0.08
893,0.09
894,0.09
895,0.085
896,0.0875
897,0.0875
898,0.0925
899,0.135
900,0.19
901,0.2475
902,0.28
903,0.29
904,0.25
905,0.185
906,0.1
907,0.09
908,0.09
909,0.09
910,0.09
911,0.09
912,0.09
913,0.09
914,0.09
915,0.085
916,0.085
917,0.085
918,0.0875
919,0.0875
920,0.0825
921,0.0875
922,0.0875
923,0.0825
924,0.0875
925,0.0875
926,0.085
927,0.085
928,0.09
929,0.075
930,-0.02
931,-0.1275
932,-0.2175
933,-0.2625
934,-0.2875
935,-0.2975
936,-0.3
937,-0.3
938,-0.31
939,-0.335
940,-0.35
941,-0.365
942,-0.3775
943,-0.395
944,-0.415
945,-0.43
946,-0.45
947,-0.4575
948,-0.485
949,-0.5
950,-0.51
951,-0.5125
952,-0.5275
953,-0.55
954,-0.565
955,-0.58
956,-0.595
957,-0.615
958,-0.645
959,-0.6925
960,-0.715
961,-0.715
962,-0.71
963,-0.715
964,-0.7225
965,-0.72
966,-0.72
967,-0.715
968,-0.5925
969,-0.4575
970,-0.335
971,-0.1875
972,-0.0575
973,0.0175
974,0.09
975,0.0875
976,0.09
977,0.09
978,0.0875
979,0.0875
980,0.09
981,0.09
982,0.0875
983,0.09
984,0.085
985,0.035
986,-0.005
987,-0.0625
988,-0.075
989,-0.05
990,0.065
991,0.0875
992,0.09
993,0.0925
994,0.085
995,0.085
996,0.085
997,0.09
998,0.0875
999,0.09
1000,0.0875
1001,0.085
1002,0.085
1003,0.09
1004,0.0875
1005,0.0875
1006,0.0825
1007,0.09
1008,0.0825
1009,0.085
1010,0.0775
1011,0.0875
1012,0.08
1013,0.0875
1014,0.085
1015,0.085
1016,0.085
1017,0.09
1018,0.065
1019,-0.0075
1020,-0.085
1021,-0.1475
1022,-0.22
1023,-0.31
1024,-0.3875
1025,-0.45
1026,-0.475
1027,-0.505
1028,-0.53
1029,-0.545
1030,-0.5525
1031,-0.55
1032,-0.55
1033,-0.55
1034,-0.53
1035,-0.515
1036,-0.4575
1037,-0.39
1038,-0.3275
1039,-0.2775
1040,-0.1725
1041,0.0375
1042,0.0775
1043,0.0825
1044,0.09
1045,0.09
1046,0.09
1047,0.09
1048,0.1175
1049,0.1875
1050,0.2675
1051,0.3525
1052,0.4125
1053,0.48
1054,0.525
1055,0.575
1056,0.605
1057,0.6175
1058,0.6425
1059,0.66
1060,0.68
1061,0.685
1062,0.695
1063,0.7
1064,0.7025
1065,0.71
1066,0.705
1067,0.7075
1068,0.705
1069,0.6975
1070,0.6725
1071,0.63
1072,0.595
1073,0.5375
1074,0.405
1075,0.205
1076,0.0925
1077,0.09
1078,0.09
1079,0.09
1080,0.0925
1081,0.09
1082,0.09
1083,0.0975
1084,0.09
1085,0.09
1086,0.0925
1087,0.095
1088,0.095
1089,0.0975
1090,0.095
1091,0.085
1092,0.08
1093,0.07
1094,0.01
1095,-0.0475
1096,-0.115
1097,-0.1925
1098,-0.2525
1099,-0.305
1100,-0.345
1101,-0.39
1102,-0.445
1103,-0.4875
1104,-0.53
1105,-0.5675
1106,-0.5975
1107,-0.6425
1108,-0.69
1109,-0.7325
1110,-0.7575
1111,-0.7925
1112,-0.81
1113,-0.8225
1114,-0.83
1115,-0.8275
1116,-0.835
1117,-0.85
1118,-0.8475
1119,-0.8475
1120,-0.855
1121,-0.86
1122,-0.855
1123,-0.8575
1124,-0.855
1125,-0.8525
1126,-0.8225
1127,-0.7775
1128,-0.76
1129,-0.76
1130,-0.7425
1131,-0.7
1132,-0.61
1133,-0.51
1134,-0.3925
1135,-0.0875
1136,0.075
1137,0.09
1138,0.09
1139,0.0875
1140,0.0875
1141,0.09
1142,0.09
1143,0.09
1144,0.095
1145,0.09
1146,0.09
1147,0.09
1148,0.085
1149,0.09
1150,0.09
1151,0.09
1152,0.0875
1153,0.0825
1154,0.09
1155,0.09
1156,0.0825
1157,0.09
1158,0.09
1159,0.05
1160,-0.0275
1161,-0.105
1162,-0.145
1163,-0.1525
1164,-0.105
1165,0.05
1166,0.085
1167,0.0875
1168,0.0875
1169,0.085
1170,0.0875
1171,0.08
1172,0.0875
1173,0.05
1174,-0.0225
1175,-0.085
1176,-0.1
1177,-0.1
1178,-0.1
1179,-0.1175
1180,-0.155
1181,-0.2225
1182,-0.2825
1183,-0.3725
1184,-0.4475
1185,-0.5175
1186,-0.565
1187,-0.64
1188,-0.725
1189,-0.82
1190,-0.8825
1191,-0.9375
1192,-0.955
1193,-0.96
1194,-0.96
1195,-0.96
1196,-0.96
1197,-0.965
1198,-0.965
1199,-0.9625
1200,-0.96
1201,-0.9675
1202,-0.97
1203,-0.965
1204,-0.96
1205,-0.96
1206,-0.9625
1207,-0.9675
1208,-0.955
1209,-0.925
1210,-0.82
1211,-0.6025
1212,-0.4325
1213,-0.225
1214,0.0575
1215,0.0825
1216,0.0875
1217,0.0825
1218,0.09
1219,0.085
1220,0.0825
1221,0.09
1222,0.085
1223,0.0875
1224,0.09
1225,0.08
1226,0.0875
1227,0.0875
1228,0.085
1229,0.09
1230,0.08
1231,0.0825
1232,0.0825
1233,0.085
1234,0.085
1235,0.0875
1236,0.085
1237,0.0825
1238,0.0875
1239,0.0825
1240,0.0825
1241,0.09
1242,0.08
1243,0.0825
1244,0.0875
1245,0.09
1246,0.0875
1247,0.0925
1248,0.0875
1249,0.085
1250,0.09
1251,0.085
1252,0.09
1253,0.085
1254,0.0875
1255,0.0825
1256,0.085
1257,0.085
1258,0.09
1259,0.09
1260,0.085
1261,0.0825
1262,0.085
1263,0.085
1264,0.0875
1265,0.0825
1266,0.0875
1267,0.09
1268,0.085
1269,0.0875
1270,0.08
1271,0.09
1272,0.105
1273,0.175
1274,0.26
1275,0.295
1276,0.285
1277,0.23
1278,0.135
1279,0.0825
1280,0.09
1281,0.09
1282,0.09
1283,0.09
1284,0.085
1285,0.09
1286,0.0875
1287,0.09
1288,0.09
1289,0.09
1290,0.09
1291,0.075
1292,0.0375
1293,-0.0525
1294,-0.1375
1295,-0.1625
1296,-0.135
1297,0.02
1298,0.085
1299,0.0925
1300,0.0875
1301,0.0875
1302,0.0875
1303,0.0875
1304,0.105
1305,0.165
1306,0.2
1307,0.205
1308,0.19
1309,0.1025
1310,0.0825
1311,0.0875
1312,0.085
1313,0.0825
1314,0.085
1315,0.09
1316,0.0875
1317,0.085
1318,0.09
1319,0.085
1320,0.09
1321,0.0925
1322,0.09
1323,0.085
1324,0.0825
1325,0.0875
1326,0.0925
1327,0.1475
1328,0.17
1329,0.1925
1330,0.205
1331,0.22
1332,0.225
1333,0.1675
1334,0.0975
1335,0.085
1336,0.09
1337,0.09
1338,0.0875
1339,0.085
1340,0.085
1341,0.0875
1342,0.085
1343,0.0725
1344,-0.01
1345,-0.1
1346,-0.1425
1347,-0.175
1348,-0.2125
1349,-0.2975
1350,-0.415
1351,-0.5075
1352,-0.6275
1353,-0.755
1354,-0.86
1355,-0.9525
1356,-0.9825
1357,-0.99
1358,-0.99
1359,-0.9975
1360,-0.99
1361,-0.995
1362,-0.995
1363,-0.9975
1364,-0.99
1365,-0.99
1366,-0.9925
1367,-0.995
1368,-0.9925
1369,-0.9925
1370,-0.99
1371,-0.9925
1372,-0.9925
1373,-0.9925
1374,-0.99
1375,-0.9775
1376,-0.9625
1377,-0.95
1378,-0.95
1379,-0.9125
1380,-0.8475
1381,-0.65
1382,-0.23
1383,0.0025
1384,0.085
1385,0.08
1386,0.0875
1387,0.09
1388,0.0875
1389,0.09
1390,0.065
1391,-0.0725
1392,-0.23
1393,-0.28
1394,-0.2825
1395,-0.245
1396,-0.1075
1397,0.055
1398,0.09
1399,0.09
1400,0.0825
1401,0.0875
1402,0.0825
1403,0.0825
1404,0.0
1405,-0.115
1406,-0.1775
1407,-0.1925
1408,-0.1825
1409,-0.1575
1410,-0.1175
1411,-0.05
1412,0.04
1413,0.08
1414,0.08
1415,0.08
1416,0.09
1417,0.0825
1418,0.0875
1419,0.0875
1420,0.085
1421,0.0825
1422,0.085
1423,0.105
1424,0.155
1425,0.2225
1426,0.2775
1427,0.3175
1428,0.3475
1429,0.39
1430,0.425
1431,0.44
1432,0.43
1433,0.3725
1434,0.2025
1435,0.0925
1436,0.08
1437,0.085
1438,0.0875
1439,0.085
1440,0.0875
1441,0.0875
1442,0.085
1443,0.085
1444,0.085
1445,0.085
1446,0.0875
1447,0.09
1448,0.085
1449,0.085
1450,0.085
1451,0.0875
1452,0.0225
1453,-0.0575
1454,-0.125
1455,-0.1875
1456,-0.25
1457,-0.315
1458,-0.4025
1459,-0.47
1460,-0.5075
1461,-0.56
1462,-0.595
1463,-0.625
1464,-0.655
1465,-0.68
1466,-0.6925
1467,-0.6975
1468,-0.6975
1469,-0.695
1470,-0.7075
1471,-0.71
1472,-0.72
1473,-0.735
1474,-0.7475
1475,-0.76
1476,-0.7825
1477,-0.8
1478,-0.805
1479,-0.8
1480,-0.805
1481,-0.805
1482,-0.8075
1483,-0.8075
1484,-0.81
1485,-0.81
1486,-0.8
1487,-0.77
1488,-0.6675
1489,-0.4625
1490,-0.2
1491,-0.02
1492,0.0875
1493,0.085
1494,0.08
1495,0.08
1496,0.0875
1497,0.1
1498,0.12
1499,0.1575
1500,0.185
1501,0.1825
1502,0.16
1503,0.09
1504,0.09
1505,0.0825
1506,0.0425
1507,-0.0525
1508,-0.14
1509,-0.1625
1510,-0.1875
1511,-0.205
1512,-0.205
1513,-0.17
1514,-0.04
1515,0.0775
1516,0.08
1517,0.08
1518,0.0825
1519,0.085
1520,0.08
1521,0.08
1522,0.08
1523,0.05
1524,-0.07
1525,-0.135
1526,-0.145
1527,-0.0975
1528,0.065
1529,0.09
1530,0.09
1531,0.0825
1532,0.0875
1533,0.11
1534,0.165
1535,0.195
1536,0.175
1537,0.0975
1538,0.085
1539,0.0875
1540,0.085
1541,0.085
1542,0.0225
1543,-0.105
1544,-0.1875
1545,-0.2225
1546,-0.22
1547,-0.235
1548,-0.245
1549,-0.2675
1550,-0.355
1551,-0.385
1552,-0.4
1553,-0.42
1554,-0.4325
1555,-0.44
1556,-0.44
1557,-0.4375
1558,-0.435
1559,-0.44
1560,-0.44
1561,-0.4375
1562,-0.345
1563,-0.1875
1564,0.0475
1565,0.0825
1566,0.0825
1567,0.0825
1568,0.0875
1569,0.0875
1570,0.1
1571,0.125
1572,0.185
1573,0.2625
1574,0.325
1575,0.365
1576,0.41
1577,0.465
1578,0.4925
1579,0.515
1580,0.53
1581,0.535
1582,0.555
1583,0.555
1584,0.5525
1585,0.525
1586,0.51
1587,0.495
1588,0.445
1589,0.3325
1590,0.115
1591,0.0875
1592,0.09
1593,0.09
1594,0.1
1595,0.1675
1596,0.2675
1597,0.36
1598,0.3925
1599,0.425
1600,0.435
1601,0.425
1602,0.3675
1603,0.2825
1604,0.1425
1605,0.0825
1606,0.0875
1607,0.085
1608,0.09
1609,0.0875
1610,0.0875
1611,0.085
1612,0.09
1613,0.0825
1614,0.085
1615,0.0575
1616,-0.015
1617,-0.14
1618,-0.2775
1619,-0.425
1620,-0.5375
1621,-0.665
1622,-0.785
1623,-0.87
1624,-0.91
1625,-0.935
1626,-0.9475
1627,-0.95
1628,-0.975
1629,-0.985
1630,-0.98
1631,-0.98
1632,-0.98
1633,-0.98
1634,-0.9825
1635,-0.98
1636,-0.98
1637,-0.985
1638,-0.98
1639,-0.98
1640,-0.9775
1641,-0.9775
1642,-0.965
1643,-0.94
1644,-0.895
1645,-0.84
1646,-0.7675
1647,-0.63
1648,-0.1175
1649,0.0225
1650,0.0825
1651,0.085
1652,0.09
1653,0.0875
1654,0.09
1655,0.085
1656,0.0875
1657,0.085
1658,0.09
1659,0.0875
1660,0.0875
1661,0.0875
1662,0.0875
1663,0.085
1664,0.0575
1665,-0.045
1666,-0.11
1667,-0.115
1668,-0.11
1669,-0.0025
1670,0.09
1671,0.09
1672,0.0875
1673,0.0825
1674,0.09
1675,0.09
1676,0.065
1677,0.0
1678,-0.0475
1679,-0.0775
1680,-0.0975
1681,-0.13
1682,-0.165
1683,-0.1825
1684,-0.2075
1685,-0.21
1686,-0.21
1687,-0.2025
1688,-0.21
1689,-0.2525
1690,-0.3
1691,-0.32
1692,-0.3225
1693,-0.32
1694,-0.3275
1695,-0.305
1696,-0.31
1697,-0.31
1698,-0.31
1699,-0.31
1700,-0.3025
1701,-0.3175
1702,-0.33
1703,-0.39
1704,-0.4575
1705,-0.5075
1706,-0.5375
1707,-0.5475
1708,-0.5775
1709,-0.6125
1710,-0.6425
1711,-0.68
1712,-0.705
1713,-0.7225
1714,-0.7375
1715,-0.7425
1716,-0.745
1717,-0.7425
1718,-0.7425
1719,-0.7425
1720,-0.74
1721,-0.745
1722,-0.7225
1723,-0.6575
1724,-0.6025
1725,-0.535
1726,-0.44
1727,-0.3575
1728,-0.1925
1729,-0.04
1730,0.0775
1731,0.09
1732,0.0975
1733,0.1
1734,0.135
1735,0.1775
1736,0.2
1737,0.2125
1738,0.2325
1739,0.24
1740,0.24
1741,0.24
1742,0.275
1743,0.285
1744,0.2825
1745,0.23
1746,0.1325
1747,0.0925
1748,0.09
1749,0.09
1750,0.09
1751,0.09
1752,0.09
1753,0.09
1754,0.09
1755,0.09
1756,0.0925
1757,0.09
1758,0.08
1759,0.0625
1760,0.005
1761,-0.04
1762,-0.065
1763,-0.055
1764,0.025
1765,0.09
1766,0.0875
1767,0.0875
1768,0.08
1769,0.09
1770,0.0875
1771,0.085
1772,0.085
1773,0.095
1774,0.1075
1775,0.13
1776,0.155
1777,0.1775
1778,0.1825
1779,0.175
1780,0.1175
1781,0.0825
1782,0.09
1783,0.0875
1784,0.0875
1785,0.09
1786,0.085
1787,0.085
1788,0.09
1789,0.0825
1790,0.0875
1791,0.0825
1792,0.085
1793,0.0875
1794,0.085
1795,0.08
1796,0.085
1797,0.0875
1798,0.0325
1799,-0.0275
1800,-0.0675
1801,-0.0725
1802,-0.045
1803,0.055
1804,0.0925
1805,0.085
1806,0.085
1807,0.085
1808,0.08
1809,0.0875
1810,0.085
1811,0.0875
1812,0.09
1813,0.0925
1814,0.11
1815,0.12
1816,0.145
1817,0.16
1818,0.17
1819,0.1675
1820,0.13
1821,0.0875
1822,0.0875
1823,0.0875
1824,0.0825
1825,0.0875
1826,0.0825
1827,0.085
1828,0.085
1829,0.09
1830,0.0825
1831,0.08
1832,0.0825
1833,0.09
1834,0.0875
1835,0.0875
1836,0.0825
1837,0.0825
1838,0.085
1839,0.09
1840,0.085
1841,0.0825
1842,0.075
1843,0.0725
1844,0.0725
1845,0.07
1846,0.045
1847,0.03
1848,0.0125
1849,-0.03
1850,-0.065
1851,-0.0725
1852,-0.08
1853,-0.09
1854,-0.0925
1855,-0.1325
1856,-0.175
1857,-0.225
1858,-0.2825
1859,-0.355
1860,-0.395
1861,-0.46
1862,-0.5
1863,-0.5525
1864,-0.62
1865,-0.695
1866,-0.785
1867,-0.845
1868,-0.91
1869,-0.955
1870,-0.9675
1871,-0.9625
1872,-0.965
1873,-0.9725
1874,-0.98
1875,-0.975
1876,-0.98
1877,-0.97
1878,-0.975
1879,-0.98
1880,-0.975
1881,-0.9725
1882,-0.9775
1883,-0.975
1884,-0.97
1885,-0.96
1886,-0.97
1887,-0.955
1888,-0.91
1889,-0.8375
1890,-0.7675
1891,-0.705
1892,-0.67
1893,-0.655
1894,-0.6325
1895,-0.625
1896,-0.62
1897,-0.6175
1898,-0.59
1899,-0.5125
1900,-0.3925
1901,-0.125
1902,0.0575
1903,0.08
1904,0.085
1905,0.08
1906,0.085
1907,0.09
1908,0.0975
1909,0.0975
1910,0.1175
1911,0.1775
1912,0.2175
1913,0.265
1914,0.3175
1915,0.33
1916,0.325
1917,0.33
1918,0.33
1919,0.3425
1920,0.3325
1921,0.345
1922,0.34
1923,0.34
1924,0.34
1925,0.34
1926,0.34
1927,0.34
1928,0.34
1929,0.34
1930,0.33
1931,0.27
1932,0.1975
1933,0.1175
1934,0.09
1935,0.09
1936,0.09
1937,0.09
1938,0.09
1939,0.085
1940,0.0875
1941,0.085
1942,0.09
1943,0.0825
1944,0.095
1945,0.0925
1946,0.145
1947,0.18
1948,0.185
1949,0.1825
1950,0.1725
1951,0.2175
1952,0.28
1953,0.26
1954,0.155
1955,0.0825
1956,0.0875
1957,0.0825
1958,0.0825
1959,0.0825
1960,0.0075
1961,-0.185
1962,-0.3225
1963,-0.38
1964,-0.4
1965,-0.425
1966,-0.4775
1967,-0.4825
1968,-0.5
1969,-0.53
1970,-0.57
1971,-0.6175
1972,-0.6725
1973,-0.7275
1974,-0.7725
1975,-0.8325
1976,-0.895
1977,-0.935
1978,-0.9575
1979,-0.965
1980,-0.965
1981,-0.98
1982,-0.975
1983,-0.98
1984,-0.9875
1985,-0.99
1986,-0.99
1987,-0.99
1988,-0.99
1989,-0.99
1990,-0.98
1991,-0.97
1992,-0.96
1993,-0.9525
1994,-0.9275
1995,-0.8375
1996,-0.575
1997,-0.1875
1998,0.0875
1999,0.0825
2000,0.085
2001,0.0875
2002,0.09
2003,0.09
2004,0.0875
2005,0.08
2006,0.035
2007,-0.0475
2008,-0.11
2009,-0.1475
2010,-0.17
2011,-0.155
2012,-0.02
2013,0.085
2014,0.09
2015,0.0875
2016,0.085
2017,0.09
2018,0.0875
2019,0.09
2020,0.0875
2021,0.09
2022,0.0875
2023,0.0875
2024,0.0875
2025,0.09
2026,0.0875
2027,0.09
2028,0.09
2029,0.09
2030,0.09
2031,0.09
2032,0.0875
2033,0.0875
2034,0.09
2035,0.085
2036,0.085
2037,0.0875
2038,0.0825
2039,0.09
2040,0.09
2041,0.09
2042,0.07
2043,0.0175
2044,-0.015
2045,-0.0375
2046,-0.055
2047,-0.0675
2048,-0.07
2049,-0.065
2050,-0.065
2051,-0.0975
2052,-0.15
2053,-0.2075
2054,-0.2575
2055,-0.325
2056,-0.365
2057,-0.3925
2058,-0.41
2059,-0.435
2060,-0.425
2061,-0.3725
2062,-0.1925
2063,-0.0425
2064,0.0825
2065,0.09
2066,0.0875
2067,0.0825
2068,0.08
2069,0.0825
2070,-0.01
2071,-0.2025
2072,-0.3475
2073,-0.4375
2074,-0.45
2075,-0.405
2076,-0.2325
2077,-0.0225
2078,0.0875
2079,0.08
2080,0.085
2081,0.1525
2082,0.3325
2083,0.455
2084,0.55
2085,0.5925
2086,0.615
2087,0.6275
2088,0.63
2089,0.63
2090,0.6225
2091,0.5625
2092,0.425
2093,0.0825
2094,0.09
2095,0.0875
2096,0.0875
2097,0.0825
2098,0.0825
2099,0.085
2100,0.0925
2101,0.135
2102,0.24
2103,0.33
2104,0.3825
2105,0.415
2106,0.435
2107,0.45
2108,0.4125
2109,0.32
2110,0.1475
2111,0.0825
2112,0.085
2113,0.085
2114,0.0875
2115,0.0875
2116,0.085
2117,0.0875
2118,0.0875
2119,0.08
2120,0.0825
2121,0.0875
2122,0.08
2123,-0.0325
2124,-0.185
2125,-0.325
2126,-0.435
2127,-0.5025
2128,-0.5725
2129,-0.6675
2130,-0.7475
2131,-0.835
2132,-0.895
2133,-0.945
2134,-0.9575
2135,-0.985
2136,-0.9825
2137,-0.99
2138,-0.9875
2139,-0.9875
2140,-0.9825
2141,-0.98
2142,-0.9825
2143,-0.9875
2144,-0.98
2145,-0.9825
2146,-0.9875
2147,-0.9775
2148,-0.9675
2149,-0.95
2150,-0.9375
2151,-0.935
2152,-0.915
2153,-0.8325
2154,-0.5525
2155,-0.155
2156,-0.0375
2157,0.0675
2158,0.0875
2159,0.09
2160,0.09
2161,0.09
2162,0.0825
2163,0.0875
2164,0.09
2165,0.0875
2166,0.0875
2167,0.0875
2168,0.085
2169,0.09
2170,0.0875
2171,0.0925
2172,0.0875
2173,0.09
2174,0.09
2175,0.085
2176,0.09
2177,0.0825
2178,0.085
2179,0.085
2180,0.085
2181,0.0875
2182,0.09
2183,0.085
2184,0.09
2185,0.0825
2186,0.0875
2187,0.09
2188,0.0875
2189,0.09
2190,0.09
2191,0.0825
2192,0.0825
2193,0.055
2194,-0.0925
2195,-0.21
2196,-0.275
2197,-0.295
2198,-0.325
2199,-0.365
2200,-0.395
2201,-0.4125
2202,-0.41
2203,-0.43
2204,-0.4575
2205,-0.5025
2206,-0.555
2207,-0.605
2208,-0.6625
2209,-0.725
2210,-0.7975
2211,-0.8675
2212,-0.93
2213,-0.9575
2214,-0.975
2215,-0.98
2216,-0.9825
2217,-0.9875
2218,-0.985
2219,-0.99
2220,-0.99
2221,-0.99
2222,-0.9925
2223,-0.99
2224,-0.99
2225,-0.985
2226,-0.98
2227,-0.9775
2228,-0.9725
2229,-0.97
2230,-0.965
2231,-0.9325
2232,-0.8575
2233,-0.7075
2234,-0.585
2235,-0.4925
2236,-0.255
2237,-0.0475
2238,0.07
2239,0.085
2240,0.08
2241,0.0825
2242,0.085
2243,0.09
2244,0.0875
2245,0.085
2246,0.09
2247,0.085
2248,0.09
2249,0.09
2250,0.0825
2251,0.0825
2252,0.0825
2253,0.085
2254,0.085
2255,0.0875
2256,0.085
2257,0.085
2258,0.085
2259,0.085
2260,0.085
2261,0.0825
2262,0.08
2263,0.0825
2264,0.08
2265,0.08
2266,0.085
2267,0.0825
2268,0.085
2269,0.0875
2270,0.1025
2271,0.13
2272,0.155
2273,0.18
2274,0.1825
2275,0.1825
2276,0.16
2277,0.1
2278,0.085
2279,0.085
2280,0.085
2281,0.0775
2282,0.09
2283,0.09
2284,0.0825
2285,0.085
2286,0.13
2287,0.16
2288,0.175
2289,0.1825
2290,0.1625
2291,0.1
2292,0.09
2293,0.09
2294,0.09
2295,0.09
2296,0.09
2297,0.09
2298,0.09
2299,0.09
2300,0.09
2301,0.12
2302,0.1725
2303,0.2
2304,0.205
2305,0.2075
2306,0.15
2307,0.0875
2308,0.0825
2309,0.08
2310,0.085
2311,0.085
2312,0.0825
2313,0.0825
2314,0.085
2315,0.08
2316,0.085
2317,0.08
2318,0.0875
2319,0.0825
2320,0.08
2321,0.0875
2322,0.09
2323,0.0825
2324,0.0825
2325,0.095
2326,0.085
2327,0.08
2328,0.0875
2329,0.0875
2330,0.085
2331,0.085
2332,0.085
2333,0.0875
2334,0.085
2335,0.085
2336,0.08
2337,0.0875
2338,0.0825
2339,0.0825
2340,0.08
2341,0.08
2342,0.085
2343,0.085
2344,0.0825
2345,0.08
2346,0.0875
2347,0.085
2348,0.09
2349,0.09
2350,0.09
2351,0.085
2352,0.0825
2353,0.0825
2354,0.085
2355,0.085
2356,0.08
2357,0.0825
2358,0.09
2359,0.0875
2360,0.0825
2361,0.1
2362,0.085
2363,0.0875
2364,0.085
2365,0.07
2366,0.03
2367,0.0
2368,-0.0175
2369,-0.0475
2370,-0.08
2371,-0.125
2372,-0.18
2373,-0.2225
2374,-0.255
2375,-0.26
2376,-0.285
2377,-0.31
2378,-0.3325
2379,-0.3525
2380,-0.36
2381,-0.38
2382,-0.3925
2383,-0.4125
2384,-0.445
2385,-0.4625
2386,-0.4875
2387,-0.5
2388,-0.5075
2389,-0.525
2390,-0.535
2391,-0.545
2392,-0.5575
2393,-0.5725
2394,-0.58
2395,-0.59
2396,-0.59
2397,-0.59
2398,-0.5975
2399,-0.6075
2400,-0.625
2401,-0.6275
2402,-0.63
2403,-0.6275
2404,-0.63
2405,-0.63
2406,-0.62
2407,-0.6075
2408,-0.6025
2409,-0.595
2410,-0.5725
2411,-0.5175
2412,-0.415
2413,-0.33
2414,-0.2775
2415,-0.2075
2416,-0.12
2417,-0.02
2418,0.0825
2419,0.0875
2420,0.09
2421,0.0875
2422,0.0875
2423,0.0875
2424,0.0825
2425,0.0875
2426,0.0825
2427,0.09
2428,0.095
2429,0.1275
2430,0.15
2431,0.155
2432,0.1525
2433,0.155
2434,0.17
2435,0.18
2436,0.1875
2437,0.1925
2438,0.19
2439,0.19
2440,0.19
2441,0.2
2442,0.2175
2443,0.22
2444,0.2125
2445,0.1875
2446,0.145
2447,0.085
2448,0.09
2449,0.085
2450,0.09
2451,0.09
2452,0.09
2453,0.09
2454,0.08
2455,0.085
2456,0.0875
2457,0.0875
2458,0.0875
2459,0.09
2460,0.0875
2461,0.09
2462,0.0875
2463,0.0875
2464,0.09
2465,0.09
2466,0.09
2467,0.0875
2468,0.085
2469,0.09
2470,0.09
2471,0.09
2472,0.0675
2473,0.04
2474,0.025
2475,0.0125
2476,0.005
2477,-0.0075
2478,-0.015
2479,-0.035
2480,-0.0625
2481,-0.0925
2482,-0.1275
2483,-0.15
2484,-0.165
2485,-0.19
2486,-0.2075
2487,-0.2325
2488,-0.245
2489,-0.2475
2490,-0.275
2491,-0.2975
2492,-0.3125
2493,-0.325
2494,-0.345
2495,-0.37
2496,-0.42
2497,-0.4625
2498,-0.5075
2499,-0.5425
2500,-0.595
2501,-0.6425
2502,-0.73
2503,-0.78
2504,-0.8425
2505,-0.89
2506,-0.92
2507,-0.9175
2508,-0.9375
2509,-0.935
2510,-0.935
2511,-0.93
2512,-0.93
2513,-0.9375
2514,-0.95
2515,-0.945
2516,-0.95
2517,-0.945
2518,-0.9475
2519,-0.95
2520,-0.94
2521,-0.88
2522,-0.7775
2523,-0.69
2524,-0.52
2525,-0.3175
2526,-0.155
2527,0.0
2528,0.085
2529,0.085
2530,0.09
2531,0.09
2532,0.0875
2533,0.1
2534,0.095
2535,0.095
2536,0.09
2537,0.1025
2538,0.1
2539,0.0975
2540,0.0875
2541,0.0875
2542,0.0875
2543,0.08
2544,0.085
2545,0.0875
2546,0.0825
2547,0.08
2548,0.0825
2549,0.1325
2550,0.1975
2551,0.2325
2552,0.235
2553,0.2275
2554,0.2125
2555,0.19
2556,0.185
2557,0.1525
2558,0.1025
2559,0.0875
2560,0.0825
2561,0.0875
2562,0.09
2563,0.09
2564,0.09
2565,0.0875
2566,0.0875
2567,0.09
2568,0.09
2569,0.0875
2570,0.065
2571,-0.0125
2572,-0.09
2573,-0.16
2574,-0.2225
2575,-0.2775
2576,-0.3225
2577,-0.3575
2578,-0.37
2579,-0.375
2580,-0.375
2581,-0.3725
2582,-0.37
2583,-0.365
2584,-0.365
2585,-0.36
2586,-0.3575
2587,-0.32
2588,-0.285
2589,-0.1525
2590,-0.06
2591,0.0425
2592,0.075
2593,0.08
2594,0.095
2595,0.0925
2596,0.09
2597,0.09
2598,0.105
2599,0.1275
2600,0.15
2601,0.19
2602,0.22
2603,0.255
2604,0.29
2605,0.305
2606,0.33
2607,0.34
2608,0.34
2609,0.3425
2610,0.34
2611,0.34
2612,0.31
2613,0.24
2614,0.1075
2615,0.095
2616,0.0825
2617,0.0875
2618,0.09
2619,0.085
2620,0.1025
2621,0.1725
2622,0.245
2623,0.345
2624,0.3675
2625,0.3925
2626,0.4375
2627,0.4575
2628,0.5025
2629,0.52
2630,0.53
2631,0.5575
2632,0.59
2633,0.635
2634,0.665
2635,0.68
2636,0.7075
2637,0.7275
2638,0.7425
2639,0.79
2640,0.8
2641,0.81
2642,0.81
2643,0.7775
2644,0.725
2645,0.685
2646,0.675
2647,0.6075
2648,0.4675
2649,0.335
2650,0.1175
2651,0.0925
2652,0.0925
2653,0.1
2654,0.1025
2655,0.09
2656,0.09
2657,0.09
2658,0.0825
2659,0.08
2660,0.08
2661,0.085
2662,0.085
2663,0.0525
2664,-0.09
2665,-0.195
2666,-0.285
2667,-0.4125
2668,-0.5025
2669,-0.545
2670,-0.6425
2671,-0.745
2672,-0.8175
2673,-0.895
2674,-0.935
2675,-0.9625
2676,-0.97
2677,-0.975
2678,-0.9825
2679,-0.98
2680,-0.9875
2681,-0.995
2682,-0.995
2683,-0.99
2684,-0.9925
2685,-1.0
2686,-0.9925
2687,-0.995
2688,-0.9975
2689,-0.9925
2690,-0.9925
2691,-1.0
2692,-0.995
2693,-0.99
2694,-0.99
2695,-0.995
2696,-0.995
2697,-0.995
2698,-0.99
2699,-0.995
2700,-0.9925
2701,-0.99
2702,-0.995
2703,-0.9975
2704,-0.99
2705,-0.9925
2706,-0.9975
2707,-0.99
2708,-0.9925
2709,-0.995
2710,-0.995
2711,-0.9975
2712,-1.0
2713,-0.995
2714,-0.9925
2715,-0.995
2716,-0.99
2717,-0.99
2718,-1.0
2719,-0.9975
2720,-0.995
2721,-0.99
2722,-0.995
2723,-0.99
2724,-0.9925
2725,-0.965
2726,-0.925
2727,-0.8575
2728,-0.835
2729,-0.795
2730,-0.7525
2731,-0.6975
2732,-0.6075
2733,-0.525
2734,-0.2975
2735,-0.0625
2736,0.0075
2737,0.03
2738,0.08
2739,0.0775
2740,0.0775
2741,0.0775
2742,0.05
2743,-0.04
2744,-0.2125
2745,-0.3375
2746,-0.3625
2747,-0.36
2748,-0.345
2749,-0.335
2750,-0.285
2751,-0.155
2752,0.0225
2753,0.085
2754,0.08
2755,0.09
2756,0.085
2757,0.0875
2758,0.085
2759,0.085
2760,0.085
2761,0.08
2762,0.085
2763,0.085
2764,0.09
2765,0.0875
2766,0.085
2767,0.0875
2768,0.09
2769,0.085
2770,0.09
2771,0.075
2772,-0.05
2773,-0.205
2774,-0.305
2775,-0.355
2776,-0.35
2777,-0.365
2778,-0.435
2779,-0.475
2780,-0.5025
2781,-0.565
2782,-0.605
2783,-0.655
2784,-0.7075
2785,-0.735
2786,-0.7725
2787,-0.825
2788,-0.855
2789,-0.885
2790,-0.92
2791,-0.9475
2792,-0.95
2793,-0.95
2794,-0.95
2795,-0.95
2796,-0.94
2797,-0.915
2798,-0.895
2799,-0.8975
2800,-0.895
2801,-0.8925
2802,-0.8875
2803,-0.87
2804,-0.79
2805,-0.66
2806,-0.4975
2807,-0.405
2808,-0.325
2809,-0.2275
2810,-0.0825
2811,0.07
2812,0.0875
2813,0.0875
2814,0.085
2815,0.0725
2816,0.0
2817,-0.0975
2818,-0.145
2819,-0.16
2820,-0.16
2821,-0.135
2822,-0.1175
2823,-0.1125
2824,-0.1375
2825,-0.135
2826,-0.13
2827,-0.075
2828,0.06
2829,0.0825
2830,0.0875
2831,0.0825
2832,0.0875
2833,0.0875
2834,0.09
2835,0.0875
2836,0.055
2837,-0.01
2838,-0.075
2839,-0.1225
2840,-0.165
2841,-0.2025
2842,-0.195
2843,-0.105
2844,0.0425
2845,0.0875
2846,0.0825
2847,0.09
2848,0.0825
2849,0.0875
2850,0.0875
2851,0.0825
2852,0.085
2853,0.0825
2854,0.0875
2855,0.08
2856,0.085
2857,0.09
2858,0.09
2859,0.085
2860,0.085
2861,0.08
2862,0.0775
2863,0.0825
2864,0.09
2865,0.08
2866,0.0825
2867,0.0875
2868,0.0825
2869,0.0825
2870,0.09
2871,0.08
2872,0.0825
2873,0.0875
2874,0.0875
2875,0.085
2876,0.0825
2877,0.085
2878,0.0875
2879,0.08
2880,0.085
2881,0.0825
2882,0.0875
2883,0.0875
2884,0.09
2885,0.09
2886,0.09
2887,0.1025
2888,0.1325
2889,0.155
2890,0.1775
2891,0.1925
2892,0.1925
2893,0.1925
2894,0.1775
2895,0.1275
2896,0.085
2897,0.08
2898,0.0875
2899,0.0825
2900,0.085
2901,0.085
2902,0.0875
2903,0.0825
2904,0.0875
2905,0.0825
2906,0.0825
2907,0.085
2908,0.085
2909,0.0875
2910,0.0875
2911,0.0875
2912,0.09
2913,0.0875
2914,0.0875
2915,0.08
2916,0.08
2917,0.0825
2918,0.0875
2919,0.09
2920,0.0825
2921,0.0825
2922,0.08
2923,0.0875
2924,0.085
2925,0.085
2926,0.08
2927,0.0825
2928,0.0825
2929,0.08
2930,0.0875
2931,0.085
2932,0.0825
2933,0.08
2934,0.0825
2935,0.08
2936,0.08
2937,0.08
2938,0.0825
2939,0.08
2940,0.0825
2941,0.08
2942,0.0875
2943,0.08
2944,0.09
2945,0.085
2946,0.09
2947,0.08
2948,0.0825
2949,0.0875
2950,0.0875
2951,0.0925
2952,0.08
2953,0.0825
2954,0.085
2955,0.085
2956,0.09
2957,0.0525
2958,-0.0075
2959,-0.06
2960,-0.105
2961,-0.13
2962,-0.1325
2963,-0.14
2964,-0.15
2965,-0.1675
2966,-0.2075
2967,-0.2575
2968,-0.2825
2969,-0.3
2970,-0.305
2971,-0.335
2972,-0.385
2973,-0.465
2974,-0.5225
2975,-0.5675
2976,-0.6275
2977,-0.705
2978,-0.78
2979,-0.85
2980,-0.9225
2981,-0.9625
2982,-0.9775
2983,-0.975
2984,-0.985
2985,-0.99
2986,-0.99
2987,-0.99
2988,-0.99
2989,-0.9825
2990,-0.985
2991,-0.9875
2992,-0.99
2993,-0.9875
2994,-0.99
2995,-0.99
2996,-0.99
2997,-0.99
2998,-0.99
2999,-0.98
3000,-0.97
3001,-0.9525
3002,-0.92
3003,-0.8325
3004,-0.705
3005,-0.545
3006,0.0475
3007,0.0875
3008,0.0875
3009,0.0875
3010,0.0875
3011,0.085
3012,0.0875
3013,0.0825
3014,0.085
3015,0.0775
3016,0.035
3017,-0.0275
3018,-0.0925
3019,-0.1425
3020,-0.195
3021,-0.2025
3022,-0.12
3023,0.05
3024,0.085
3025,0.0875
3026,0.0875
3027,0.09
3028,0.09
3029,0.09
3030,0.095
3031,0.1275
3032,0.1925
3033,0.3025
3034,0.3525
3035,0.36
3036,0.3425
3037,0.2525
3038,0.145
3039,0.0875
3040,0.0825
3041,0.0825
3042,0.0875
3043,0.0825
3044,0.09
3045,0.0825
3046,0.09
3047,0.085
3048,0.0875
3049,0.09
3050,0.0875
3051,0.0825
3052,0.08
3053,0.0825
3054,0.085
3055,0.0875
3056,0.08
3057,0.09
3058,0.0875
3059,0.0775
3060,0.085
3061,0.085
3062,0.09
3063,0.0975
3064,0.095
3065,0.095
3066,0.085
3067,0.085
3068,0.08
3069,0.0875
3070,0.09
3071,0.085
3072,0.0875
3073,0.0825
3074,0.085
3075,0.085
3076,0.0825
3077,0.085
3078,0.09
3079,0.0825
3080,0.04
3081,-0.065
3082,-0.185
3083,-0.3
3084,-0.3825
3085,-0.45
3086,-0.5125
3087,-0.575
3088,-0.665
3089,-0.7525
3090,-0.9
3091,-0.96
3092,-0.985
3093,-1.0
3094,-1.0125
3095,-0.9975
3096,-0.9975
3097,-0.9975
3098,-0.9925
3099,-0.9925
3100,-0.995
3101,-0.995
3102,-0.99
3103,-0.99
3104,-0.995
3105,-0.99
3106,-1.0
3107,-0.9925
3108,-0.9925
3109,-0.995
3110,-0.975
3111,-0.9575
3112,-0.9425
3113,-0.8375
3114,-0.695
3115,-0.5875
3116,-0.535
3117,-0.45
3118,-0.3225
3119,-0.155
3120,-0.04
3121,0.065
3122,0.08
3123,0.0875
3124,0.08
3125,0.085
3126,0.09
3127,0.08
3128,0.085
3129,0.08
3130,0.085
3131,0.0825
3132,0.0825
3133,0.085
3134,0.0825
3135,0.085
3136,0.0875
3137,0.08
3138,0.08
3139,0.0825
3140,0.085
3141,0.085
3142,0.0825
3143,0.0825
3144,0.08
3145,0.08
3146,0.0875
3147,0.0875
3148,0.0825
3149,0.0825
3150,0.085
3151,0.0875
3152,0.085
3153,0.085
3154,0.0825
3155,0.045
3156,-0.02
3157,-0.06
3158,-0.0725
3159,-0.075
3160,-0.08
3161,-0.08
3162,-0.1125
3163,-0.1625
3164,-0.1925
3165,-0.1975
3166,-0.195
3167,-0.1975
3168,-0.2
3169,-0.1925
3170,-0.2
3171,-0.1975
3172,-0.2125
3173,-0.21
3174,-0.235
3175,-0.25
3176,-0.265
3177,-0.2725
3178,-0.3
3179,-0.31
3180,-0.31
3181,-0.2875
3182,-0.1975
3183,-0.12
3184,-0.105
3185,-0.07
3186,-0.0075
3187,0.0825
3188,0.0825
3189,0.085
3190,0.085
3191,0.0825
3192,0.085
3193,0.0925
3194,0.0975
3195,0.1175
3196,0.12
3197,0.1375
3198,0.1475
3199,0.17
3200,0.19
3201,0.21
3202,0.2225
3203,0.22
3204,0.2225
3205,0.225
3206,0.22
3207,0.2275
3208,0.2325
3209,0.2375
3210,0.2325
3211,0.2175
3212,0.23
3213,0.24
3214,0.2525
3215,0.2475
3216,0.265
3217,0.27
3218,0.285
3219,0.2825
3220,0.28
3221,0.2925
3222,0.31
3223,0.315
3224,0.3325
3225,0.345
3226,0.35
3227,0.36
3228,0.36
3229,0.36
3230,0.36
3231,0.36
3232,0.36
3233,0.335
3234,0.26
3235,0.1325
3236,0.0875
3237,0.08
3238,0.08
3239,0.085
3240,0.0875
3241,0.0875
3242,0.085
3243,0.08
3244,0.085
3245,0.085
3246,0.075
3247,-0.0125
3248,-0.1125
3249,-0.1525
3250,-0.2225
3251,-0.3225
3252,-0.42
3253,-0.52
3254,-0.5975
3255,-0.72
3256,-0.8625
3257,-0.9525
3258,-0.975
3259,-0.99
3260,-0.9925
3261,-0.99
3262,-0.99
3263,-0.99
3264,-0.99
3265,-0.99
3266,-0.9925
3267,-0.99
3268,-0.99
3269,-0.99
3270,-0.99
3271,-0.99
3272,-0.99
3273,-0.9875
3274,-0.9875
3275,-0.99
3276,-0.99
3277,-0.99
3278,-0.985
3279,-0.99
3280,-0.9925
3281,-0.9875
3282,-0.965
3283,-0.94
3284,-0.94
3285,-0.94
3286,-0.9375
3287,-0.935
3288,-0.9125
3289,-0.8
3290,-0.63
3291,-0.4325
3292,-0.265
3293,-0.16
3294,-0.0425
3295,0.07
3296,0.0825
3297,0.0825
3298,0.0875
3299,0.095
3300,0.095
3301,0.1125
3302,0.1675
3303,0.195
3304,0.2025
3305,0.2225
3306,0.24
3307,0.26
3308,0.3025
3309,0.32
3310,0.33
3311,0.33
3312,0.32
3313,0.2725
3314,0.2125
3315,0.1325
3316,0.09
3317,0.09
3318,0.09
3319,0.085
3320,0.0875
3321,0.0875
3322,0.085
3323,0.085
3324,0.085
3325,0.0825
3326,0.0825
3327,0.0825
3328,0.09
3329,0.09
3330,0.0775
3331,0.0175
3332,-0.085
3333,-0.16
3334,-0.24
3335,-0.35
3336,-0.4325
3337,-0.505
3338,-0.5275
3339,-0.54
3340,-0.54
3341,-0.54
3342,-0.545
3343,-0.5525
3344,-0.555
3345,-0.5625
3346,-0.585
3347,-0.6225
3348,-0.6625
3349,-0.705
3350,-0.7325
3351,-0.7725
3352,-0.82
3353,-0.865
3354,-0.9225
3355,-0.95
3356,-0.965
3357,-0.9675
3358,-0.965
3359,-0.9725
3360,-0.985
3361,-0.985
3362,-0.9825
3363,-0.98
3364,-0.975
3365,-0.9625
3366,-0.9525
3367,-0.9425
3368,-0.935
3369,-0.9275
3370,-0.88
3371,-0.8
3372,-0.6875
3373,-0.54
3374,-0.475
3375,-0.4025
3376,-0.3
3377,-0.1925
3378,-0.1275
3379,-0.0575
3380,0.0
3381,0.0675
3382,0.0875
3383,0.085
3384,0.0875
3385,0.08
3386,0.065
3387,-0.02
3388,-0.085
3389,-0.1175
3390,-0.1525
3391,-0.1925
3392,-0.195
3393,-0.1775
3394,-0.12
3395,0.0
3396,0.085
3397,0.08
3398,0.0875
3399,0.085
3400,0.085
3401,0.0875
3402,0.0875
3403,0.09
3404,0.0825
3405,0.0825
3406,0.09
3407,0.0875
3408,0.085
3409,0.0875
3410,0.09
3411,0.085
3412,0.085
3413,0.0825
3414,0.0825
3415,0.0825
3416,0.0825
3417,0.0875
3418,0.0825
3419,0.08
3420,0.085
3421,0.08
3422,0.08
3423,0.0825
3424,0.085
3425,0.08
3426,0.08
3427,0.085
3428,0.08
3429,0.085
3430,0.0875
3431,0.0875
3432,0.0825
3433,0.085
3434,0.0825
3435,0.0875
3436,0.09
3437,0.0825
3438,0.085
3439,0.0875
3440,0.085
3441,0.08
3442,0.085
3443,0.0825
3444,0.0875
3445,0.085
3446,0.08
3447,0.085
3448,0.0825
3449,0.09
3450,0.085
3451,0.075
3452,0.0825
3453,0.08
3454,0.0825
3455,0.0875
3456,0.085
3457,0.08
3458,0.085
3459,0.0825
3460,0.08
3461,0.0825
3462,0.085
3463,0.08
3464,0.0925
3465,0.08
3466,0.08
3467,0.08
3468,0.085
3469,0.09
3470,0.12
3471,0.195
3472,0.2475
3473,0.2675
3474,0.28
3475,0.295
3476,0.2975
3477,0.2875
3478,0.2425
3479,0.1725
3480,0.1025
3481,0.0825
3482,0.085
3483,0.085
3484,0.0825
3485,0.085
3486,0.0875
3487,0.085
3488,0.085
3489,0.085
3490,0.09
3491,0.0875
3492,0.08
3493,0.0825
3494,0.0825
3495,0.085
3496,0.075
3497,0.0825
3498,0.0825
3499,0.08
3500,0.0875
3501,0.0825
3502,0.08
3503,0.08
3504,0.0825
3505,0.0825
3506,0.085
3507,0.085
3508,0.09
3509,0.085
3510,0.0875
3511,0.0825
3512,0.085
3513,0.0825
3514,0.085
3515,0.085
3516,0.0875
3517,0.0375
3518,-0.04
3519,-0.0975
3520,-0.1225
3521,-0.12
3522,-0.125
3523,-0.15
3524,-0.2275
3525,-0.315
3526,-0.3725
3527,-0.385
3528,-0.4125
3529,-0.43
3530,-0.4425
3531,-0.465
3532,-0.495
3533,-0.5125
3534,-0.5225
3535,-0.535
3536,-0.5475
3537,-0.555
3538,-0.58
3539,-0.595
3540,-0.61
3541,-0.63
3542,-0.6275
3543,-0.6275
3544,-0.625
3545,-0.625
3546,-0.6275
3547,-0.615
3548,-0.61
3549,-0.61
3550,-0.61
3551,-0.6075
3552,-0.61
3553,-0.605
3554,-0.61
3555,-0.605
3556,-0.5775
3557,-0.55
3558,-0.5175
3559,-0.48
3560,-0.43
3561,-0.37
3562,-0.275
3563,-0.165
3564,-0.06
3565,0.0325
3566,0.0825
3567,0.08
3568,0.0875
3569,0.08
3570,0.0825
3571,0.0825
3572,0.0875
3573,0.085
3574,0.0425
3575,-0.08
3576,-0.15
3577,-0.175
3578,-0.1725
3579,-0.17
3580,-0.1625
3581,-0.085
3582,-0.0075
3583,0.08
3584,0.08
3585,0.0725
3586,0.08
3587,0.08
3588,0.08
3589,0.08
3590,0.08
3591,0.08
3592,0.03
3593,-0.045
3594,-0.0975
3595,-0.1125
3596,-0.0875
3597,0.02
3598,0.08
3599,0.0775
3600,0.0775
3601,0.075
3602,0.0775
3603,0.0725
3604,0.075
3605,0.0775
3606,0.075
3607,0.0275
3608,-0.06
3609,-0.0925
3610,-0.09
3611,-0.0225
3612,0.075
3613,0.0875
3614,0.085
3615,0.0875
3616,0.08
3617,0.085
3618,0.0825
3619,0.085
3620,0.08
3621,0.085
3622,0.08
3623,0.0825
3624,0.08
3625,0.0925
3626,0.06
3627,0.0275
3628,0.0125
3629,-0.0125
3630,-0.025
3631,-0.03
3632,-0.035
3633,-0.0475
3634,-0.0825
3635,-0.1
3636,-0.1075
3637,-0.105
3638,-0.11
3639,-0.1025
3640,-0.105
3641,-0.1225
3642,-0.13
3643,-0.135
3644,-0.1475
3645,-0.175
3646,-0.2025
3647,-0.23
3648,-0.26
3649,-0.285
3650,-0.3025
3651,-0.32
3652,-0.3425
3653,-0.39
3654,-0.4125
3655,-0.47
3656,-0.4975
3657,-0.5225
3658,-0.545
3659,-0.57
3660,-0.5875
3661,-0.6125
3662,-0.615
3663,-0.635
3664,-0.65
3665,-0.6425
3666,-0.6425
3667,-0.6425
3668,-0.6475
3669,-0.6475
3670,-0.645
3671,-0.65
3672,-0.645
3673,-0.645
3674,-0.62
3675,-0.515
3676,-0.435
3677,-0.3725
3678,-0.2375
3679,-0.1175
3680,-0.03
3681,0.06
3682,0.085
3683,0.0825
3684,0.0825
3685,0.0875
3686,0.0825
3687,0.085
3688,0.085
3689,0.085
3690,0.0525
3691,-0.0425
3692,-0.1125
3693,-0.1275
3694,-0.125
3695,-0.13
3696,-0.0875
3697,-0.0075
3698,0.0725
3699,0.08
3700,0.08
3701,0.08
3702,0.08
3703,0.08
3704,0.0775
3705,0.105
3706,0.14
3707,0.215
3708,0.2675
3709,0.2525
3710,0.2125
3711,0.1325
3712,0.0875
3713,0.09
3714,0.09
3715,0.09
3716,0.0875
3717,0.0875
3718,0.0875
3719,0.085
3720,0.085
3721,0.08
3722,0.09
3723,0.085
3724,0.0825
3725,0.015
3726,-0.06
3727,-0.1175
3728,-0.15
3729,-0.195
3730,-0.2125
3731,-0.2325
3732,-0.24
3733,-0.2475
3734,-0.25
3735,-0.2725
3736,-0.2975
3737,-0.33
3738,-0.355
3739,-0.3675
3740,-0.4025
3741,-0.4275
3742,-0.45
3743,-0.4675
3744,-0.48
3745,-0.485
3746,-0.49
3747,-0.49
3748,-0.49
3749,-0.4775
3750,-0.43
3751,-0.2975
3752,-0.09
3753,0.07
3754,0.085
3755,0.085
3756,0.0875
3757,0.09
3758,0.095
3759,0.1125
3760,0.155
3761,0.185
3762,0.2125
3763,0.25
3764,0.305
3765,0.34
3766,0.3725
3767,0.39
3768,0.4275
3769,0.455
3770,0.45
3771,0.465
3772,0.4675
3773,0.4675
3774,0.4725
3775,0.455
3776,0.445
3777,0.44
3778,0.425
3779,0.43
3780,0.43
3781,0.4275
3782,0.425
3783,0.4275
3784,0.41
3785,0.4
3786,0.3975
3787,0.39
3788,0.36
3789,0.3275
3790,0.285
3791,0.2375
3792,0.19
3793,0.125
3794,0.0825
3795,0.09
3796,0.085
3797,0.0875
3798,0.085
3799,0.08
3800,0.09
3801,0.0875
3802,0.09
3803,0.09
3804,0.08
3805,0.0875
3806,0.0625
3807,0.0025
3808,-0.045
3809,-0.1
3810,-0.14
3811,-0.1825
3812,-0.235
3813,-0.3025
3814,-0.385
3815,-0.455
3816,-0.495
3817,-0.5225
3818,-0.5675
3819,-0.62
3820,-0.6575
3821,-0.6975
3822,-0.735
3823,-0.755
3824,-0.7775
3825,-0.81
3826,-0.8325
3827,-0.8575
3828,-0.86
3829,-0.86
3830,-0.86
3831,-0.86
3832,-0.86
3833,-0.8625
3834,-0.86
3835,-0.86
3836,-0.8625
3837,-0.86
3838,-0.86
3839,-0.8675
3840,-0.8675
3841,-0.86
3842,-0.86
3843,-0.8425
3844,-0.785
3845,-0.695
3846,-0.5875
3847,-0.4525
3848,-0.275
3849,-0.0375
3850,0.09
3851,0.09
3852,0.09
3853,0.09
3854,0.085
3855,0.085
3856,0.0875
3857,0.08
3858,0.08
3859,0.0875
3860,0.085
3861,0.0925
3862,0.1
3863,0.1
3864,0.1
3865,0.0925
3866,0.0825
3867,0.085
3868,0.09
3869,0.09
3870,0.0825
3871,0.0875
3872,0.0875
3873,0.085
3874,0.09
3875,0.09
3876,0.0875
3877,0.09
3878,0.085
3879,0.0875
3880,0.085
3881,0.085
3882,0.09
3883,0.085
3884,0.095
3885,0.085
3886,0.09
3887,0.085
3888,0.08
3889,0.09
3890,0.065
3891,0.0225
3892,-0.05
3893,-0.115
3894,-0.135
3895,-0.1525
3896,-0.155
3897,-0.1525
3898,-0.1525
3899,-0.16
3900,-0.185
3901,-0.2475
3902,-0.3125
3903,-0.38
3904,-0.46
3905,-0.5125
3906,-0.58
3907,-0.65
3908,-0.7125
3909,-0.765
3910,-0.825
3911,-0.86
3912,-0.9
3913,-0.9375
3914,-0.945
3915,-0.96
3916,-0.9775
3917,-0.9775
3918,-0.97
3919,-0.97
3920,-0.975
3921,-0.97
3922,-0.975
3923,-0.97
3924,-0.975
3925,-0.97
3926,-0.97
3927,-0.9775
3928,-0.9775
3929,-0.9625
3930,-0.96
3931,-0.925
3932,-0.7975
3933,-0.615
3934,-0.3725
3935,0.0375
3936,0.075
3937,0.0775
3938,0.09
3939,0.0825
3940,0.085
3941,0.065
3942,0.0175
3943,-0.035
3944,-0.0875
3945,-0.0975
3946,-0.1025
3947,-0.115
3948,-0.115
3949,-0.08
3950,0.0175
3951,0.085
3952,0.0875
3953,0.085
3954,0.0875
3955,0.0875
3956,0.0875
3957,0.0875
3958,0.09
3959,0.085
3960,0.085
3961,0.0875
3962,0.09
3963,0.09
3964,0.09
3965,0.085
3966,0.0875
3967,0.0925
3968,0.0875
3969,0.1
3970,0.1
3971,0.0975
3972,0.115
3973,0.125
3974,0.1375
3975,0.18
3976,0.2
3977,0.21
3978,0.205
3979,0.18
3980,0.1475
3981,0.12
3982,0.09
3983,0.0825
3984,0.0825
3985,0.0925
3986,0.09
3987,0.085
3988,0.085
3989,0.09
3990,0.075
3991,0.09
3992,0.0825
3993,0.085
3994,0.085
3995,0.105
3996,0.125
3997,0.1375
3998,0.195
3999,0.21
4000,0.2
4001,0.1525
4002,0.125
4003,0.085
4004,0.085
4005,0.0775
4006,0.085
4007,0.08
4008,0.08
4009,0.0875
4010,0.08
4011,0.09
4012,0.085
4013,0.0875
4014,0.085
4015,0.085
4016,0.0825
4017,0.08
4018,0.085
4019,0.0875
4020,0.08
4021,0.085
4022,0.08
4023,0.08
4024,0.085
4025,0.08
4026,0.085
4027,0.09
4028,0.0825
4029,0.08
4030,0.0825
4031,0.09
4032,0.09
4033,0.0825
4034,0.085
4035,0.0825
4036,0.0825
4037,0.08
4038,0.08
4039,0.08
4040,0.085
4041,0.0825
4042,0.0875
4043,0.085
4044,0.0825
4045,0.0825
4046,0.085
4047,0.0875
4048,0.08
4049,0.0875
4050,0.08
4051,0.08
4052,0.085
4053,0.08
4054,0.08
4055,0.0825
4056,0.0875
4057,0.0775
4058,0.0825
4059,0.085
4060,0.085
4061,0.0825
4062,0.08
4063,0.0875
4064,0.09
4065,0.0625
4066,0.0175
4067,-0.0075
4068,-0.04
4069,-0.0725
4070,-0.1075
4071,-0.135
4072,-0.1775
4073,-0.2225
4074,-0.285
4075,-0.36
4076,-0.425
4077,-0.4825
4078,-0.5025
4079,-0.515
4080,-0.53
4081,-0.5475
4082,-0.55
4083,-0.5575
4084,-0.56
4085,-0.56
4086,-0.565
4087,-0.565
4088,-0.565
4089,-0.5675
4090,-0.5725
4091,-0.5825
4092,-0.595
4093,-0.605
4094,-0.6025
4095,-0.605
4096,-0.6075
4097,-0.6075
4098,-0.605
4099,-0.565
4100,-0.5325
4101,-0.5025
4102,-0.475
4103,-0.4375
4104,-0.3675
4105,-0.295
4106,-0.265
4107,-0.26
4108,-0.26
4109,-0.2675
4110,-0.275
4111,-0.285
4112,-0.28
4113,-0.28
4114,-0.275
4115,-0.2675
4116,-0.1975
4117,-0.045
4118,0.075
4119,0.09
4120,0.09
4121,0.085
4122,0.0875
4123,0.085
4124,0.0825
4125,0.085
4126,0.0825
4127,0.0825
4128,0.0825
4129,0.08
4130,0.025
4131,-0.035
4132,-0.085
4133,-0.105
4134,-0.0825
4135,-0.005
4136,0.09
4137,0.0825
4138,0.08
4139,0.0825
4140,0.0825
4141,0.085
4142,0.085
4143,0.085
4144,0.08
4145,0.085
4146,0.0825
4147,0.0825
4148,0.085
4149,0.08
4150,0.08
4151,0.0875
4152,0.0825
4153,0.09
4154,0.09
4155,0.085
4156,0.08
4157,0.0875
4158,0.08
4159,0.08
4160,0.0825
4161,0.085
4162,0.0825
4163,0.085
4164,0.08
4165,0.085
4166,0.0825
4167,0.0775
4168,0.035
4169,0.015
4170,-0.0025
4171,-0.01
4172,0.005
4173,0.0625
4174,0.0875
4175,0.09
4176,0.08
4177,0.08
4178,0.08
4179,0.0825
4180,0.0825
4181,0.08
4182,0.08
4183,0.08
4184,0.08
4185,0.0825
4186,0.0875
4187,0.085
4188,0.085
4189,0.055
4190,-0.025
4191,-0.085
4192,-0.1725
4193,-0.24
4194,-0.2975
4195,-0.3725
4196,-0.41
4197,-0.46
4198,-0.505
4199,-0.5575
4200,-0.615
4201,-0.6525
4202,-0.7175
4203,-0.755
4204,-0.7775
4205,-0.78
4206,-0.79
4207,-0.8
4208,-0.825
4209,-0.83
4210,-0.8375
4211,-0.84
4212,-0.835
4213,-0.8525
4214,-0.8525
4215,-0.855
4216,-0.85
4217,-0.85
4218,-0.85
4219,-0.855
4220,-0.855
4221,-0.85
4222,-0.855
4223,-0.8525
4224,-0.8575
4225,-0.835
4226,-0.785
4227,-0.7
4228,-0.635
4229,-0.5675
4230,-0.495
4231,-0.43
4232,-0.31
4233,-0.165
4234,-0.0375
4235,0.08
4236,0.0875
4237,0.08
4238,0.0825
4239,0.08
4240,0.085
4241,0.08
4242,0.08
4243,0.085
4244,0.08
4245,0.08
4246,0.085
4247,0.075
4248,-0.0025
4249,-0.07
4250,-0.0875
4251,-0.0925
4252,-0.02
4253,0.07
4254,0.0875
4255,0.09
4256,0.09
4257,0.085
4258,0.085
4259,0.09
4260,0.08
4261,0.09
4262,0.115
4263,0.1825
4264,0.2325
4265,0.24
4266,0.22
4267,0.17
4268,0.095
4269,0.08
4270,0.0825
4271,0.0875
4272,0.0825
4273,0.08
4274,0.0875
4275,0.09
4276,0.08
4277,0.08
4278,0.085
4279,0.085
4280,0.09
4281,0.0825
4282,0.08
4283,0.075
4284,0.0025
4285,-0.06
4286,-0.1225
4287,-0.1775
4288,-0.2425
4289,-0.3
4290,-0.3475
4291,-0.3575
4292,-0.38
4293,-0.39
4294,-0.3875
4295,-0.3725
4296,-0.345
4297,-0.295
4298,-0.175
4299,-0.0375
4300,0.015
4301,0.015
4302,0.02
4303,0.0125
4304,0.0
4305,-0.0875
4306,-0.1725
4307,-0.21
4308,-0.2375
4309,-0.235
4310,-0.215
4311,-0.1375
4312,0.005
4313,0.09
4314,0.085
4315,0.085
4316,0.0825
4317,0.085
4318,0.0825
4319,0.1
4320,0.1475
4321,0.21
4322,0.2375
4323,0.31
4324,0.35
4325,0.4
4326,0.4375
4327,0.47
4328,0.505
4329,0.51
4330,0.525
4331,0.5275
4332,0.5125
4333,0.4425
4334,0.3375
4335,0.22
4336,0.1025
4337,0.0875
4338,0.0875
4339,0.085
4340,0.085
4341,0.1125
4342,0.1875
4343,0.265
4344,0.2775
4345,0.24
4346,0.155
4347,0.0825
4348,0.08
4349,0.085
4350,0.085
4351,0.08
4352,0.0875
4353,0.08
4354,0.085
4355,0.0875
4356,0.08
4357,0.08
4358,0.085
4359,0.0825
4360,0.085
4361,0.09
4362,0.085
4363,0.04
4364,-0.025
4365,-0.0775
4366,-0.105
4367,-0.115
4368,-0.1325
4369,-0.1425
4370,-0.1825
4371,-0.22
4372,-0.2775
4373,-0.325
4374,-0.3525
4375,-0.3725
4376,-0.375
4377,-0.3925
4378,-0.435
4379,-0.48
4380,-0.5125
4381,-0.55
4382,-0.5975
4383,-0.63
4384,-0.665
4385,-0.7075
4386,-0.7375
4387,-0.77
4388,-0.7775
4389,-0.78
4390,-0.78
4391,-0.78
4392,-0.775
4393,-0.7725
4394,-0.77
4395,-0.78
4396,-0.7775
4397,-0.77
4398,-0.75
4399,-0.73
4400,-0.705
4401,-0.665
4402,-0.63
4403,-0.5725
4404,-0.495
4405,-0.395
4406,-0.32
4407,-0.2425
4408,-0.1675
4409,-0.06
4410,0.06
4411,0.0875
4412,0.09
4413,0.085
4414,0.0825
4415,0.08
4416,0.0975
4417,0.0925
4418,0.1275
4419,0.1475
4420,0.1725
4421,0.2
4422,0.225
4423,0.2475
4424,0.2725
4425,0.28
4426,0.2725
4427,0.245
4428,0.195
4429,0.1575
4430,0.11
4431,0.0875
4432,0.09
4433,0.09
4434,0.09
4435,0.09
4436,0.095
4437,0.09
4438,0.085
4439,0.09
4440,0.0875
4441,0.0875
4442,0.09
4443,0.09
4444,0.055
4445,-0.0475
4446,-0.155
4447,-0.2725
4448,-0.3325
4449,-0.375
4450,-0.4
4451,-0.4175
4452,-0.48
4453,-0.52
4454,-0.585
4455,-0.66
4456,-0.7275
4457,-0.79
4458,-0.86
4459,-0.915
4460,-0.9475
4461,-0.98
4462,-0.985
4463,-0.9875
4464,-0.9925
4465,-0.975
4466,-0.9975
4467,-0.995
4468,-0.995
4469,-0.99
4470,-0.99
4471,-0.99
4472,-0.9975
4473,-0.9975
4474,-0.9925
4475,-0.99
4476,-0.995
4477,-0.9975
4478,-0.985
4479,-0.9975
4480,-0.9875
4481,-0.9425
4482,-0.89
4483,-0.7975
4484,-0.6325
4485,-0.52
4486,-0.4275
4487,-0.355
4488,-0.33
4489,-0.3275
4490,-0.325
4491,-0.325
4492,-0.27
4493,-0.0675
4494,0.07
4495,0.0775
4496,0.0825
4497,0.085
4498,0.085
4499,0.0875
4500,0.095
4501,0.105
4502,0.1475
4503,0.1975
4504,0.2275
4505,0.255
4506,0.2675
4507,0.2925
4508,0.31
4509,0.31
4510,0.32
4511,0.33
4512,0.325
4513,0.2975
4514,0.235
4515,0.1825
4516,0.125
4517,0.085
4518,0.0825
4519,0.09
4520,0.085
4521,0.09
4522,0.09
4523,0.09
4524,0.09
4525,0.09
4526,0.09
4527,0.09
4528,0.09
4529,0.09
4530,0.09
4531,0.09
4532,0.0875
4533,0.09
4534,0.09
4535,0.09
4536,0.09
4537,0.0825
4538,0.085
4539,0.0875
4540,0.0925
4541,0.09
4542,0.0875
4543,0.085
4544,0.0825
4545,0.085
4546,0.09
4547,0.09
4548,0.0875
4549,0.0875
4550,0.09
4551,0.09
4552,0.09
4553,0.0875
4554,0.0825
4555,0.0875
4556,0.0875
4557,0.09
4558,0.0875
4559,0.09
4560,0.085
4561,0.085
4562,0.09
4563,0.085
4564,0.09
4565,0.09
4566,0.09
4567,0.09
4568,0.0875
4569,0.0875
4570,0.0875
4571,0.0725
4572,0.04
4573,0.0
4574,-0.01
4575,-0.01
4576,0.0125
4577,0.07
4578,0.085
4579,0.0825
4580,0.0875
4581,0.08
4582,0.0825
4583,0.0825
4584,0.08
4585,0.08
4586,0.065
4587,0.0325
4588,0.015
4589,0.0125
4590,-0.01
4591,-0.02
4592,-0.0225
4593,0.0275
4594,0.0825
4595,0.09
4596,0.0825
4597,0.0875
4598,0.08
4599,0.08
4600,0.085
4601,0.0875
4602,0.0825
4603,0.0825
4604,0.08
4605,0.0825
4606,0.09
4607,0.08
4608,0.08
4609,0.0825
4610,0.0875
4611,0.09
4612,0.1125
4613,0.1625
4614,0.1825
4615,0.2175
4616,0.2175
4617,0.18
4618,0.1
4619,0.0825
4620,0.0875
4621,0.0875
4622,0.075
4623,0.0875
4624,0.0875
4625,0.07
4626,0.005
4627,-0.1275
4628,-0.215
4629,-0.2575
4630,-0.265
4631,-0.285
4632,-0.2825
4633,-0.28
4634,-0.325
4635,-0.405
4636,-0.48
4637,-0.5325
4638,-0.62
4639,-0.71
4640,-0.78
4641,-0.8625
4642,-0.9275
4643,-0.9575
4644,-0.9625
4645,-0.97
4646,-0.9625
4647,-0.9675
4648,-0.96
4649,-0.9675
4650,-0.955
4651,-0.95
4652,-0.945
4653,-0.9325
4654,-0.91
4655,-0.91
4656,-0.89
4657,-0.8675
4658,-0.8475
4659,-0.83
4660,-0.785
4661,-0.755
4662,-0.7425
4663,-0.7025
4664,-0.63
4665,-0.41
4666,-0.1875
4667,-0.0675
4668,0.0775
4669,0.06
4670,0.08
4671,0.08
4672,0.08
4673,0.0875
4674,0.1
4675,0.095
4676,0.125
4677,0.1175
4678,0.0825
4679,0.0825
4680,-0.0225
4681,-0.1225
4682,-0.205
4683,-0.23
4684,-0.2125
4685,-0.0825
4686,0.0575
4687,0.085
4688,0.085
4689,0.09
4690,0.065
4691,-0.0225
4692,-0.1175
4693,-0.235
4694,-0.31
4695,-0.34
4696,-0.3575
4697,-0.365
4698,-0.365
4699,-0.3675
4700,-0.365
4701,-0.365
4702,-0.37
4703,-0.3525
4704,-0.2575
4705,-0.14
4706,-0.0725
4707,0.015
4708,0.0775
4709,0.0775
4710,0.085
4711,0.09
4712,0.0875
4713,0.1075
4714,0.15
4715,0.21
4716,0.25
4717,0.27
4718,0.305
4719,0.325
4720,0.3375
4721,0.3575
4722,0.3825
4723,0.38
4724,0.38
4725,0.38
4726,0.385
4727,0.405
4728,0.3775
4729,0.3575
4730,0.3375
4731,0.33
4732,0.305
4733,0.16
4734,0.0875
4735,0.085
4736,0.0875
4737,0.09
4738,0.085
4739,0.0875
4740,0.08
4741,0.0775
4742,0.01
4743,-0.0575
4744,-0.12
4745,-0.1575
4746,-0.205
4747,-0.2375
4748,-0.3
4749,-0.345
4750,-0.3775
4751,-0.4175
4752,-0.4425
4753,-0.46
4754,-0.4675
4755,-0.4825
4756,-0.4825
4757,-0.485
4758,-0.49
4759,-0.49
4760,-0.4875
4761,-0.4875
4762,-0.485
4763,-0.485
4764,-0.4825
4765,-0.4875
4766,-0.4875
4767,-0.4875
4768,-0.49
4769,-0.49
4770,-0.4875
4771,-0.495
4772,-0.485
4773,-0.465
4774,-0.445
4775,-0.435
4776,-0.4175
4777,-0.39
4778,-0.3675
4779,-0.3525
4780,-0.3425
4781,-0.3325
4782,-0.33
4783,-0.3025
4784,-0.2275
4785,-0.16
4786,-0.14
4787,-0.13
4788,-0.115
4789,-0.095
4790,-0.0825
4791,-0.06
4792,-0.0425
4793,0.01
4794,0.0025
4795,0.0075
4796,0.0425
4797,0.085
4798,0.085
4799,0.0825
4800,0.085
4801,0.08
4802,0.085
4803,0.085
4804,0.0675
4805,-0.005
4806,-0.0425
4807,-0.055
4808,-0.05
4809,-0.01
4810,0.08
4811,0.0825
4812,0.08
4813,0.085
4814,0.08
4815,0.0825
4816,0.0825
4817,0.08
4818,0.08
4819,0.08
4820,0.0775
4821,0.0825
4822,0.085
4823,0.0625
4824,0.01
4825,-0.0475
4826,-0.0625
4827,-0.085
4828,-0.13
4829,-0.16
4830,-0.1975
4831,-0.2375
4832,-0.26
4833,-0.295
4834,-0.315
4835,-0.32
4836,-0.3225
4837,-0.32
4838,-0.3225
4839,-0.3275
4840,-0.32
4841,-0.32
4842,-0.3225
4843,-0.32
4844,-0.285
4845,-0.225
4846,-0.165
4847,-0.1025
4848,0.02
4849,0.08
4850,0.0775
4851,0.08
4852,0.08
4853,0.0825
4854,0.09
4855,0.1225
4856,0.2225
4857,0.32
4858,0.39
4859,0.4725
4860,0.5275
4861,0.585
4862,0.6
4863,0.6
4864,0.6
4865,0.5875
4866,0.58
4867,0.5875
4868,0.59
4869,0.5975
4870,0.595
4871,0.555
4872,0.49
4873,0.3775
4874,0.355
4875,0.3525
4876,0.35
4877,0.33
4878,0.165
4879,0.08
4880,0.0825
4881,0.08
4882,0.085
4883,0.08
4884,0.08
4885,0.0825
4886,0.085
4887,0.08
4888,0.065
4889,0.0
4890,-0.05
4891,-0.0925
4892,-0.1075
4893,-0.1325
4894,-0.15
4895,-0.15
4896,-0.1575
4897,-0.1725
4898,-0.195
4899,-0.2275
4900,-0.255
4901,-0.305
4902,-0.3325
4903,-0.36
4904,-0.3825
4905,-0.4
4906,-0.4275
4907,-0.4575
4908,-0.475
4909,-0.51
4910,-0.52
4911,-0.5325
4912,-0.54
4913,-0.5375
4914,-0.55
4915,-0.56
4916,-0.5675
4917,-0.57
4918,-0.565
4919,-0.5675
4920,-0.5625
4921,-0.57
4922,-0.56
4923,-0.565
4924,-0.56
4925,-0.57
4926,-0.5625
4927,-0.5575
4928,-0.515
4929,-0.4675
4930,-0.4275
4931,-0.3875
4932,-0.365
4933,-0.315
4934,-0.215
4935,-0.1425
4936,-0.0525
4937,0.05
4938,0.0825
4939,0.085
4940,0.085
4941,0.0925
4942,0.0925
4943,0.1175
4944,0.1875
4945,0.2025
4946,0.22
4947,0.22
4948,0.22
4949,0.22
4950,0.22
4951,0.215
4952,0.19
4953,0.11
4954,0.085
4955,0.09
4956,0.09
4957,0.09
4958,0.09
4959,0.085
4960,0.0875
4961,0.0875
4962,0.0875
4963,0.06
4964,0.0125
4965,-0.045
4966,-0.1
4967,-0.135
4968,-0.1675
4969,-0.24
4970,-0.2825
4971,-0.355
4972,-0.445
4973,-0.5125
4974,-0.56
4975,-0.605
4976,-0.63
4977,-0.6525
4978,-0.6775
4979,-0.695
4980,-0.71
4981,-0.725
4982,-0.75
4983,-0.7675
4984,-0.795
4985,-0.8075
4986,-0.8225
4987,-0.82
4988,-0.815
4989,-0.8225
4990,-0.82
4991,-0.82
4992,-0.82
4993,-0.8175
4994,-0.82
4995,-0.8225
4996,-0.795
4997,-0.72
4998,-0.61
4999,-0.53
5000,-0.4125
5001,-0.31
5002,-0.1325
5003,0.02
5004,0.0875
5005,0.0875
5006,0.08
5007,0.08
5008,0.0825
5009,0.085
5010,0.085
5011,0.0825
5012,0.0825
5013,0.0975
5014,0.1475
5015,0.1975
5016,0.2225
5017,0.245
5018,0.2475
5019,0.2075
5020,0.135
5021,0.0875
5022,0.085
5023,0.09
5024,0.085
5025,0.085
5026,0.0875
5027,0.09
5028,0.0825
5029,0.085
5030,0.08
5031,0.08
5032,0.085
5033,0.0875
5034,0.0875
5035,0.0875
5036,0.0575
5037,-0.01
5038,-0.0225
5039,-0.035
5040,-0.0275
5041,0.0475
5042,0.065
5043,-0.045
5044,-0.125
5045,-0.1525
5046,-0.1475
5047,-0.075
5048,0.0375
5049,0.0825
5050,0.0825
5051,0.08
5052,0.08
5053,0.0825
5054,0.0925
5055,0.1075
5056,0.165
5057,0.2025
5058,0.2225
5059,0.185
5060,0.1075
5061,0.08
5062,0.0825
5063,0.0825
5064,0.085
5065,0.08
5066,0.08
5067,0.08
5068,0.085
5069,0.08
5070,0.0825
5071,0.0825
5072,0.085
5073,0.08
5074,0.085
5075,0.0825
5076,0.0875
5077,0.085
5078,0.0875
5079,0.075
5080,0.08
5081,0.09
5082,0.0825
5083,0.08
5084,0.0825
5085,0.0875
5086,0.08
5087,0.0875
5088,0.085
5089,0.0825
5090,0.08
5091,0.0875
5092,0.08
5093,0.0825
5094,0.0875
5095,0.0825
5096,0.0825
5097,0.0875
5098,0.0825
5099,0.0825
5100,0.0875
5101,0.0875
5102,0.08
5103,0.0825
5104,0.0825
5105,0.08
5106,0.0875
5107,0.085
5108,0.085
5109,0.0825
5110,0.085
5111,0.0825
5112,0.08
5113,0.08
5114,0.0325
5115,-0.045
5116,-0.13
5117,-0.185
5118,-0.2325
5119,-0.26
5120,-0.275
5121,-0.29
5122,-0.3
5123,-0.3
5124,-0.3075
5125,-0.3325
5126,-0.3625
5127,-0.405
5128,-0.4425
5129,-0.475
5130,-0.5
5131,-0.5225
5132,-0.5425
5133,-0.57
5134,-0.6025
5135,-0.625
5136,-0.6575
5137,-0.675
5138,-0.7025
5139,-0.72
5140,-0.73
5141,-0.745
5142,-0.755
5143,-0.775
5144,-0.805
5145,-0.82
5146,-0.8375
5147,-0.8425
5148,-0.85
5149,-0.85
5150,-0.85
5151,-0.85
5152,-0.8525
5153,-0.8475
5154,-0.7975
5155,-0.665
5156,-0.5
5157,-0.31
5158,-0.15
5159,-0.05
5160,0.055
5161,0.085
5162,0.08
5163,0.075
5164,0.075
5165,0.09
5166,0.09
5167,0.1175
5168,0.18
5169,0.2325
5170,0.2825
5171,0.31
5172,0.315
5173,0.3275
5174,0.33
5175,0.33
5176,0.3225
5177,0.315
5178,0.2625
5179,0.2125
5180,0.095
5181,0.08
5182,0.0825
5183,0.085
5184,0.0875
5185,0.085
5186,0.085
5187,0.0875
5188,0.0875
5189,0.0825
5190,0.085
5191,0.0875
5192,0.085
5193,0.085
5194,0.0875
5195,0.09
5196,0.09
5197,0.0825
5198,0.0875
5199,0.0825
5200,0.0825
5201,0.0825
5202,0.0875
5203,0.0825
5204,0.0775
5205,0.0
5206,-0.0575
5207,-0.0775
5208,-0.065
5209,0.0025
5210,0.0825
5211,0.09
5212,0.0875
5213,-0.0125
5214,-0.0925
5215,-0.115
5216,-0.1175
5217,-0.12
5218,-0.1425
5219,-0.2125
5220,-0.29
5221,-0.34
5222,-0.3625
5223,-0.385
5224,-0.4175
5225,-0.465
5226,-0.52
5227,-0.565
5228,-0.61
5229,-0.67
5230,-0.715
5231,-0.75
5232,-0.77
5233,-0.7775
5234,-0.77
5235,-0.78
5236,-0.795
5237,-0.8025
5238,-0.8
5239,-0.8
5240,-0.8
5241,-0.8
5242,-0.8
5243,-0.8
5244,-0.8
5245,-0.795
5246,-0.7625
5247,-0.6875
5248,-0.6125
5249,-0.575
5250,-0.5225
5251,-0.455
5252,-0.3925
5253,-0.3325
5254,-0.285
5255,-0.2425
5256,-0.2125
5257,-0.095
5258,0.0725
5259,0.0775
5260,0.08
5261,0.0825
5262,0.08
5263,0.0825
5264,0.1075
5265,0.1625
5266,0.235
5267,0.2975
5268,0.32
5269,0.3275
5270,0.32
5271,0.255
5272,0.2025
5273,0.1375
5274,0.09
5275,0.0875
5276,0.09
5277,0.0825
5278,0.09
5279,0.0875
5280,0.09
5281,0.085
5282,0.085
5283,0.085
5284,0.0875
5285,0.085
5286,0.085
5287,0.0875
5288,0.085
5289,0.09
5290,0.055
5291,0.0125
5292,-0.0175
5293,-0.0475
5294,-0.08
5295,-0.1
5296,-0.145
5297,-0.18
5298,-0.225
5299,-0.26
5300,-0.29
5301,-0.31
5302,-0.32
5303,-0.3225
5304,-0.33
5305,-0.325
5306,-0.33
5307,-0.33
5308,-0.325
5309,-0.33
5310,-0.3225
5311,-0.275
5312,-0.1775
5313,-0.1125
5314,-0.0375
5315,0.0225
5316,0.0825
5317,0.085
5318,0.085
5319,0.08
5320,0.08
5321,0.08
5322,0.08
5323,0.0875
5324,0.0825
5325,0.0925
5326,0.1225
5327,0.16
5328,0.22
5329,0.2875
5330,0.345
5331,0.39
5332,0.4325
5333,0.4675
5334,0.505
5335,0.5275
5336,0.54
5337,0.535
5338,0.5325
5339,0.535
5340,0.5375
5341,0.535
5342,0.5275
5343,0.505
5344,0.4425
5345,0.34
5346,0.205
5347,0.095
5348,0.0875
5349,0.085
5350,0.085
5351,0.0825
5352,0.085
5353,0.09
5354,0.0875
5355,0.0825
5356,0.0825
5357,0.08
5358,0.085
5359,0.0775
5360,0.055
5361,-0.0275
5362,-0.0925
5363,-0.145
5364,-0.1925
5365,-0.24
5366,-0.275
5367,-0.32
5368,-0.355
5369,-0.3975
5370,-0.4575
5371,-0.4925
5372,-0.535
5373,-0.5775
5374,-0.665
5375,-0.75
5376,-0.835
5377,-0.935
5378,-0.98
5379,-0.985
5380,-0.985
5381,-0.9925
5382,-0.99
5383,-0.9875
5384,-0.99
5385,-0.99
5386,-0.99
5387,-0.995
5388,-0.99
5389,-0.99
5390,-0.99
5391,-0.9725
5392,-0.95
5393,-0.93
5394,-0.8875
5395,-0.7825
5396,-0.62
5397,-0.4325
5398,-0.2
5399,-0.0475
5400,0.0725
5401,0.09
5402,0.0875
5403,0.0875
5404,0.0825
5405,0.08
5406,0.09
5407,0.1
5408,0.125
5409,0.1625
5410,0.18
5411,0.2175
5412,0.2325
5413,0.235
5414,0.225
5415,0.1775
5416,0.1125
5417,0.08
5418,0.08
5419,0.0875
5420,0.085
5421,0.0875
5422,0.0875
5423,0.085
5424,0.085
5425,0.0875
5426,0.08
5427,0.085
5428,0.085
5429,0.08
5430,0.075
5431,0.05
5432,0.02
5433,-0.0225
5434,-0.055
5435,-0.11
5436,-0.16
5437,-0.2125
5438,-0.285
5439,-0.3675
5440,-0.425
5441,-0.51
5442,-0.5775
5443,-0.6975
5444,-0.825
5445,-0.9375
5446,-0.9725
5447,-0.9825
5448,-0.9875
5449,-1.0
5450,-0.9975
5451,-0.9975
5452,-1.0
5453,-0.9975
5454,-0.9975
5455,-0.995
5456,-0.995
5457,-0.9925
5458,-0.99
5459,-0.995
5460,-0.9925
5461,-0.9975
5462,-0.9925
5463,-0.995
5464,-0.9975
5465,-0.9925
5466,-0.97
5467,-0.945
5468,-0.8875
5469,-0.7275
5470,-0.5225
5471,-0.04
5472,0.08
5473,0.0875
5474,0.085
5475,0.0875
5476,0.0825
5477,0.1
5478,0.1125
5479,0.1525
5480,0.1825
5481,0.2175
5482,0.2475
5483,0.2575
5484,0.25
5485,0.225
5486,0.1925
5487,0.19
5488,0.19
5489,0.19
5490,0.1975
5491,0.2125
5492,0.2125
5493,0.2125
5494,0.215
5495,0.21
5496,0.215
5497,0.215
5498,0.2175
5499,0.215
5500,0.215
5501,0.215
5502,0.19
5503,0.1625
5504,0.075
5505,0.0775
5506,0.08
5507,0.08
5508,0.0875
5509,0.08
5510,0.085
5511,0.085
5512,0.0825
5513,0.0875
5514,0.0875
5515,0.085
5516,0.0875
5517,0.0825
5518,0.0875
5519,0.07
5520,0.07
5521,0.08
5522,0.08
5523,0.08
5524,0.0825
5525,0.08
5526,0.085
5527,0.0875
5528,0.095
5529,0.09
5530,0.0975
5531,0.0925
5532,0.08
5533,0.0825
5534,0.085
5535,0.09
5536,0.085
5537,0.085
5538,0.0825
5539,0.08
5540,0.08
5541,0.0825
5542,0.09
5543,0.08
5544,0.085
5545,0.085
5546,0.13
5547,0.18
5548,0.2175
5549,0.2375
5550,0.26
5551,0.255
5552,0.225
5553,0.1425
5554,0.09
5555,0.09
5556,0.08
5557,0.085
5558,0.09
5559,0.0875
5560,0.09
5561,0.0925
5562,0.0875
5563,0.09
5564,0.08
5565,0.0875
5566,0.09
5567,0.09
5568,0.085
5569,0.0875
5570,0.0825
5571,0.04
5572,-0.0225
5573,-0.0475
5574,-0.0625
5575,-0.07
5576,-0.1325
5577,-0.2075
5578,-0.3
5579,-0.4075
5580,-0.4825
5581,-0.54
5582,-0.6025
5583,-0.71
5584,-0.8025
5585,-0.9425
5586,-0.98
5587,-0.99
5588,-0.99
5589,-0.99
5590,-0.99
5591,-0.99
5592,-0.99
5593,-0.99
5594,-0.99
5595,-0.99
5596,-0.99
5597,-0.99
5598,-0.99
5599,-0.99
5600,-0.99
5601,-0.98
5602,-0.9625
5603,-0.9275
5604,-0.865
5605,-0.68
5606,-0.4525
5607,-0.23
5608,-0.125
5609,0.03
5610,0.0875
5611,0.085
5612,0.0825
5613,0.085
5614,0.0875
5615,0.08
5616,0.08
5617,0.0925
5618,0.125
5619,0.18
5620,0.235
5621,0.28
5622,0.2775
5623,0.235
5624,0.18
5625,0.0875
5626,0.09
5627,0.09
5628,0.0775
5629,-0.0675
5630,-0.27
5631,-0.395
5632,-0.44
5633,-0.44
5634,-0.335
5635,-0.06
5636,0.09
5637,0.09
5638,0.0875
5639,0.0875
5640,0.09
5641,0.085
5642,0.09
5643,0.09
5644,0.09
5645,0.0875
5646,0.0875
5647,0.09
5648,0.09
5649,0.085
5650,0.09
5651,0.0875
5652,0.085
5653,0.0875
5654,0.09
5655,0.085
5656,0.0875
5657,0.085
5658,0.0875
5659,0.085
5660,0.0825
5661,0.09
5662,0.0875
5663,0.09
5664,0.09
5665,0.085
5666,0.09
5667,0.085
5668,0.09
5669,0.0875
5670,0.09
5671,0.085
5672,0.0425
5673,-0.06
5674,-0.19
5675,-0.3075
5676,-0.4075
5677,-0.4975
5678,-0.575
5679,-0.675
5680,-0.7975
5681,-0.9275
5682,-0.975
5683,-0.9875
5684,-0.9875
5685,-0.985
5686,-0.9875
5687,-0.985
5688,-0.9825
5689,-0.99
5690,-0.9875
5691,-0.9875
5692,-0.9875
5693,-0.9825
5694,-0.985
5695,-0.9825
5696,-0.9875
5697,-0.9875
5698,-0.99
5699,-0.9775
5700,-0.95
5701,-0.8675
5702,-0.6175
5703,-0.315
5704,0.06
5705,0.085
5706,0.085
5707,0.085
5708,0.085
5709,0.08
5710,0.08
5711,0.0875
5712,0.09
5713,0.05
5714,-0.055
5715,-0.125
5716,-0.135
5717,0.005
5718,0.09
5719,0.085
5720,0.0825
5721,0.09
5722,0.085
5723,0.0825
5724,0.08
5725,0.0825
5726,0.08
5727,0.0875
5728,0.0875
5729,0.085
5730,0.085
5731,0.07
5732,0.0825
5733,0.085
5734,0.0825
5735,0.0875
5736,0.0825
5737,0.09
5738,0.0875
5739,0.0825
5740,0.0825
5741,0.0825
5742,0.08
5743,0.0825
5744,0.085
5745,0.09
5746,0.0875
5747,0.085
5748,0.0275
5749,-0.0275
5750,-0.0875
5751,-0.135
5752,-0.165
5753,-0.1775
5754,-0.2
5755,-0.215
5756,-0.235
5757,-0.2625
5758,-0.3125
5759,-0.3875
5760,-0.435
5761,-0.4775
5762,-0.505
5763,-0.505
5764,-0.5075
5765,-0.51
5766,-0.5025
5767,-0.4475
5768,-0.2525
5769,0.005
5770,0.085
5771,0.085
5772,0.0875
5773,0.0925
5774,0.1675
5775,0.265
5776,0.3675
5777,0.4425
5778,0.4975
5779,0.5425
5780,0.5525
5781,0.56
5782,0.56
5783,0.5575
5784,0.5575
5785,0.56
5786,0.5575
5787,0.5525
5788,0.5625
5789,0.565
5790,0.555
5791,0.5325
5792,0.5225
5793,0.51
5794,0.495
5795,0.4775
5796,0.42
5797,0.3225
5798,0.1325
5799,0.08
5800,0.0825
5801,0.08
5802,0.0875
5803,0.08
5804,0.015
5805,-0.05
5806,-0.1225
5807,-0.1475
5808,-0.1925
5809,-0.2325
5810,-0.265
5811,-0.315
5812,-0.36
5813,-0.37
5814,-0.4175
5815,-0.455
5816,-0.5075
5817,-0.555
5818,-0.6
5819,-0.64
5820,-0.7075
5821,-0.7275
5822,-0.74
5823,-0.74
5824,-0.74
5825,-0.7375
5826,-0.74
5827,-0.74
5828,-0.74
5829,-0.7375
5830,-0.735
5831,-0.73
5832,-0.705
5833,-0.665
5834,-0.635
5835,-0.6025
5836,-0.5775
5837,-0.5225
5838,-0.365
5839,-0.215
5840,-0.16
5841,-0.005
5842,0.0875
5843,0.0825
5844,0.0825
5845,0.0825
5846,0.0875
5847,0.0825
5848,0.08
5849,0.0825
5850,0.085
5851,0.0825
5852,0.085
5853,0.085
5854,0.08
5855,0.09
5856,0.09
5857,0.0825
5858,0.07
5859,0.025
5860,0.01
5861,0.015
5862,0.015
5863,0.035
5864,0.04
5865,0.025
5866,-0.01
5867,-0.0575
5868,-0.12
5869,-0.1675
5870,-0.175
5871,-0.1725
5872,-0.17
5873,-0.1775
5874,-0.175
5875,-0.18
5876,-0.2075
5877,-0.245
5878,-0.3
5879,-0.345
5880,-0.4025
5881,-0.445
5882,-0.49
5883,-0.51
5884,-0.5275
5885,-0.575
5886,-0.6175
5887,-0.6675
5888,-0.73
5889,-0.7775
5890,-0.83
5891,-0.845
5892,-0.86
5893,-0.86
5894,-0.8625
5895,-0.8625
5896,-0.86
5897,-0.8375
5898,-0.7425
5899,-0.6325
5900,-0.545
5901,-0.52
5902,-0.4875
5903,-0.4475
5904,-0.3875
5905,-0.2825
5906,-0.2025
5907,-0.1475
5908,-0.0675
5909,0.045
5910,0.0875
5911,0.08
5912,0.08
5913,0.0825
5914,0.08
5915,0.08
5916,0.085
5917,0.08
5918,0.085
5919,0.0825
5920,0.08
5921,0.08
5922,0.085
5923,0.085
5924,0.0825
5925,0.08
5926,0.085
5927,0.095
5928,0.1
5929,0.115
5930,0.1125
5931,0.115
5932,0.095
5933,0.085
5934,0.0875
5935,0.0875
5936,0.09
5937,0.0825
5938,0.085
5939,0.085
5940,0.09
5941,0.09
5942,0.0975
5943,0.1075
5944,0.11
5945,0.09
5946,0.08
5947,0.0825
5948,0.0875
5949,0.09
5950,0.0825
5951,0.08
5952,0.08
5953,0.0875
5954,0.085
5955,0.0825
5956,0.0825
5957,0.09
5958,0.0825
5959,0.0875
5960,0.0825
5961,0.085
5962,0.08
5963,0.08
5964,0.0825
5965,0.085
5966,0.08
5967,0.08
5968,0.0875
5969,0.08
5970,0.045
5971,0.02
5972,0.0075
5973,-0.0025
5974,0.0125
5975,0.08
5976,0.08
5977,0.08
5978,0.085
5979,0.08
5980,0.08
5981,0.08
5982,0.0825
5983,0.08
5984,0.0825
5985,0.085
5986,0.08
5987,0.085
5988,0.085
5989,0.08
5990,0.08
5991,0.08
5992,0.08
5993,0.0875
5994,0.0825
5995,0.09
5996,0.0825
5997,0.09
5998,0.0825
5999,0.085
6000,0.085
6001,0.08
6002,0.0825
6003,0.0875
6004,0.085
6005,0.0825
6006,0.08
6007,0.0825
6008,0.0825
6009,0.08
6010,0.04
6011,-0.0175
6012,-0.07
6013,-0.09
6014,-0.1
6015,-0.1025
6016,-0.14
6017,-0.14
6018,-0.155
6019,-0.185
6020,-0.225
6021,-0.28
6022,-0.3475
6023,-0.4075
6024,-0.49
6025,-0.5375
6026,-0.645
6027,-0.7725
6028,-0.9025
6029,-0.96
6030,-0.9725
6031,-0.98
6032,-0.99
6033,-0.9825
6034,-0.9875
6035,-0.9825
6036,-0.985
6037,-0.985
6038,-0.9875
6039,-0.99
6040,-0.985
6041,-0.9875
6042,-0.99
6043,-0.9825
6044,-0.99
6045,-0.9775
6046,-0.945
6047,-0.855
6048,-0.675
6049,-0.4725
6050,-0.09
6051,0.0775
6052,0.0825
6053,0.085
6054,0.0825
6055,0.0875
6056,0.0825
6057,0.085
6058,0.0825
6059,0.08
6060,0.08
6061,0.0825
6062,0.09
6063,0.0825
6064,0.0925
6065,0.1125
6066,0.14
6067,0.16
6068,0.155
6069,0.1175
6070,0.08
6071,0.085
6072,0.085
6073,0.08
6074,0.0875
6075,0.085
6076,0.085
6077,0.085
6078,0.0825
6079,0.08
6080,0.085
6081,0.085
6082,0.085
6083,0.08
6084,0.08
6085,0.085
6086,0.085
6087,0.085
6088,0.0775
6089,0.0775
6090,0.0825
6091,0.0875
6092,0.085
6093,0.0875
6094,0.065
6095,-0.0425
6096,-0.145
6097,-0.245
6098,-0.3075
6099,-0.3425
6100,-0.36
6101,-0.3675
6102,-0.3475
6103,-0.2375
6104,-0.1175
6105,-0.01
6106,0.0775
6107,0.095
6108,0.22
6109,0.37
6110,0.4275
6111,0.415
6112,0.3275
6113,0.1375
6114,0.06
6115,-0.2475
6116,-0.545
6117,-0.795
6118,-0.9325
6119,-0.9675
6120,-0.97
6121,-0.97
6122,-0.97
6123,-0.97
6124,-0.97
6125,-0.965
6126,-0.97
6127,-0.965
6128,-0.9625
6129,-0.96
6130,-0.94
6131,-0.945
6132,-0.94
6133,-0.94
6134,-0.94
6135,-0.92
6136,-0.855
6137,-0.7725
6138,-0.675
6139,-0.54
6140,-0.2875
6141,0.015
6142,0.085
6143,0.09
6144,0.09
6145,0.0825
6146,0.0825
6147,0.0825
6148,0.085
6149,0.0875
6150,0.0875
6151,0.0875
6152,0.0425
6153,-0.1475
6154,-0.2625
6155,-0.2825
6156,-0.27
6157,-0.2175
6158,-0.2425
6159,-0.265
6160,-0.23
6161,-0.0825
6162,0.0875
6163,0.08
6164,0.085
6165,0.08
6166,0.08
6167,0.0825
6168,0.0825
6169,0.085
6170,0.08
6171,0.0825
6172,0.0875
6173,0.08
6174,0.0875
6175,0.0925
6176,0.08
6177,0.08
6178,0.0825
6179,0.085
6180,0.08
6181,0.08
6182,0.08
6183,0.08
6184,0.08
6185,0.085
6186,0.08
6187,0.08
6188,0.085
6189,0.0825
6190,0.0825
6191,0.0825
6192,0.0725
6193,0.0025
6194,-0.0375
6195,-0.1
6196,-0.16
6197,-0.2375
6198,-0.2925
6199,-0.3675
6200,-0.4325
6201,-0.47
6202,-0.495
6203,-0.5025
6204,-0.5
6205,-0.5
6206,-0.5025
6207,-0.465
6208,-0.3925
6209,-0.315
6210,-0.255
6211,-0.15
6212,0.005
6213,0.0775
6214,0.075
6215,0.08
6216,0.095
6217,0.13
6218,0.22
6219,0.32
6220,0.39
6221,0.45
6222,0.495
6223,0.51
6224,0.5225
6225,0.5275
6226,0.54
6227,0.54
6228,0.54
6229,0.54
6230,0.535
6231,0.535
6232,0.54
6233,0.54
6234,0.5375
6235,0.5375
6236,0.54
6237,0.545
6238,0.54
6239,0.525
6240,0.52
6241,0.51
6242,0.485
6243,0.44
6244,0.325
6245,0.1275
6246,0.08
6247,0.08
6248,0.085
6249,0.085
6250,0.085
6251,0.08
6252,0.085
6253,0.0825
6254,0.085
6255,0.085
6256,0.08
6257,0.08
6258,0.0825
6259,0.075
6260,0.0175
6261,-0.0425
6262,-0.1
6263,-0.145
6264,-0.195
6265,-0.24
6266,-0.285
6267,-0.32
6268,-0.36
6269,-0.4025
6270,-0.4525
6271,-0.495
6272,-0.52
6273,-0.555
6274,-0.585
6275,-0.6175
6276,-0.6625
6277,-0.7075
6278,-0.735
6279,-0.77
6280,-0.8175
6281,-0.8475
6282,-0.87
6283,-0.8925
6284,-0.89
6285,-0.8975
6286,-0.9025
6287,-0.9
6288,-0.8975
6289,-0.9
6290,-0.9
6291,-0.87
6292,-0.715
6293,-0.605
6294,-0.575
6295,-0.5375
6296,-0.53
6297,-0.5175
6298,-0.475
6299,-0.3325
6300,-0.24
6301,-0.11
6302,0.065
6303,0.0775
6304,0.0725
6305,0.075
6306,0.08
6307,0.075
6308,0.0775
6309,0.08
6310,0.0775
6311,0.0775
6312,0.0775
6313,0.0775
6314,0.0775
6315,0.08
6316,0.08
6317,-0.01
6318,-0.065
6319,-0.08
6320,-0.0325
6321,0.0875
6322,0.0825
6323,0.0825
6324,0.0875
6325,0.0825
6326,0.085
6327,0.0825
6328,0.0825
6329,0.08
6330,0.0825
6331,0.0825
6332,0.035
6333,-0.0325
6334,-0.0825
6335,-0.1075
6336,-0.13
6337,-0.1425
6338,-0.14
6339,-0.1275
6340,-0.13
6341,-0.1375
6342,-0.21
6343,-0.31
6344,-0.3575
6345,-0.44
6346,-0.49
6347,-0.525
6348,-0.535
6349,-0.54
6350,-0.54
6351,-0.5425
6352,-0.5825
6353,-0.6175
6354,-0.6475
6355,-0.6725
6356,-0.695
6357,-0.7125
6358,-0.725
6359,-0.7675
6360,-0.8175
6361,-0.85
6362,-0.8875
6363,-0.91
6364,-0.91
6365,-0.91
6366,-0.9125
6367,-0.91
6368,-0.895
6369,-0.755
6370,-0.61
6371,-0.5325
6372,-0.3925
6373,-0.235
6374,-0.2075
6375,-0.185
6376,-0.0125
6377,0.0825
6378,0.085
6379,0.0875
6380,0.0825
6381,0.085
6382,0.08
6383,0.0875
6384,0.0775
6385,0.0025
6386,-0.07
6387,-0.11
6388,-0.1275
6389,-0.1425
6390,-0.1425
6391,-0.12
6392,-0.105
6393,-0.1175
6394,-0.12
6395,-0.0775
6396,0.0625
6397,0.09
6398,0.0825
6399,0.085
6400,0.0875
6401,0.085
6402,0.0825
6403,0.085
6404,0.085
6405,0.0875
6406,0.095
6407,0.0775
6408,0.0075
6409,-0.0725
6410,-0.1125
6411,-0.125
6412,-0.08
6413,0.0475
6414,0.0875
6415,0.0825
6416,0.08
6417,0.0825
6418,0.0825
6419,0.0975
6420,0.145
6421,0.19
6422,0.195
6423,0.195
6424,0.1825
6425,0.16
6426,0.165
6427,0.17
6428,0.1675
6429,0.12
6430,0.08
6431,0.0875
6432,0.0825
6433,0.0875
6434,0.085
6435,0.0825
6436,0.085
6437,0.1475
6438,0.1975
6439,0.215
6440,0.2225
6441,0.1925
6442,0.11
6443,0.075
6444,0.0875
6445,0.085
6446,0.0875
6447,0.08
6448,0.09
6449,0.0875
6450,0.08
6451,0.085
6452,0.085
6453,0.09
6454,0.09
6455,0.075
6456,0.1
6457,0.1475
6458,0.165
6459,0.17
6460,0.17
6461,0.14
6462,0.09
6463,0.085
6464,0.0875
6465,0.105
6466,0.08
6467,0.085
6468,0.09
6469,0.09
6470,0.09
6471,0.09
6472,0.09
6473,0.09
6474,0.09
6475,0.09
6476,0.09
6477,0.09
6478,0.09
6479,0.0875
6480,0.0875
6481,0.09
6482,0.085
6483,0.0875
6484,0.09
6485,0.09
6486,0.0875
6487,0.09
6488,0.085
6489,0.09
6490,0.0825
6491,0.09
6492,0.0875
6493,0.085
6494,0.09
6495,0.085
6496,0.09
6497,0.0875
6498,0.085
6499,0.085
6500,0.09
6501,0.09
6502,0.085
6503,0.09
6504,0.0825
6505,0.0875
6506,0.08
6507,0.0875
6508,0.0875
6509,0.09
6510,0.075
6511,-0.025
6512,-0.1275
6513,-0.17
6514,-0.21
6515,-0.24
6516,-0.2475
6517,-0.2725
6518,-0.295
6519,-0.3275
6520,-0.36
6521,-0.41
6522,-0.46
6523,-0.51
6524,-0.57
6525,-0.6275
6526,-0.695
6527,-0.735
6528,-0.76
6529,-0.795
6530,-0.84
6531,-0.8825
6532,-0.925
6533,-0.94
6534,-0.95
6535,-0.95
6536,-0.95
6537,-0.95
6538,-0.955
6539,-0.955
6540,-0.965
6541,-0.9625
6542,-0.97
6543,-0.96
6544,-0.96
6545,-0.965
6546,-0.95
6547,-0.95
6548,-0.945
6549,-0.94
6550,-0.9375
6551,-0.9025
6552,-0.81
6553,-0.685
6554,-0.5475
6555,-0.4275
6556,-0.2725
6557,-0.0675
6558,0.08
6559,0.08
6560,0.08
6561,0.085
6562,0.0825
6563,0.08
6564,0.08
6565,0.0825
6566,0.08
6567,0.085
6568,0.085
6569,0.0825
6570,0.08
6571,0.0375
6572,-0.02
6573,-0.0625
6574,-0.08
6575,-0.085
6576,-0.0675
6577,0.0125
6578,0.08
6579,0.085
6580,0.0875
6581,0.0875
6582,0.08
6583,0.0875
6584,0.09
6585,0.0825
6586,0.0825
6587,0.0825
6588,0.09
6589,0.1375
6590,0.195
6591,0.225
6592,0.2325
6593,0.205
6594,0.12
6595,0.085
6596,0.085
6597,0.09
6598,0.085
6599,0.0875
6600,0.0875
6601,0.0875
6602,0.085
6603,0.0875
6604,0.0825
6605,0.08
6606,0.085
6607,0.08
6608,0.0875
6609,0.0875
6610,0.085
6611,0.08
6612,0.08
6613,0.08
6614,0.08
6615,0.075
6616,0.0125
6617,-0.0775
6618,-0.145
6619,-0.18
6620,-0.19
6621,-0.205
6622,-0.205
6623,-0.205
6624,-0.21
6625,-0.205
6626,-0.21
6627,-0.17
6628,-0.125
6629,-0.0675
6630,-0.045
6631,-0.0275
6632,0.0
6633,0.0525
6634,0.08
6635,0.085
6636,0.09
6637,0.06
6638,-0.03
6639,-0.125
6640,-0.2125
6641,-0.21
6642,-0.235
6643,-0.27
6644,-0.31
6645,-0.355
6646,-0.4175
6647,-0.5
6648,-0.57
6649,-0.6575
6650,-0.7225
6651,-0.78
6652,-0.85
6653,-0.9025
6654,-0.935
6655,-0.9475
6656,-0.945
6657,-0.95
6658,-0.95
6659,-0.95
6660,-0.9425
6661,-0.945
6662,-0.945
6663,-0.95
6664,-0.9475
6665,-0.945
6666,-0.925
6667,-0.885
6668,-0.84
6669,-0.725
6670,-0.63
6671,-0.565
6672,-0.4875
6673,-0.38
6674,-0.315
6675,-0.245
6676,-0.1625
6677,-0.1075
6678,-0.065
6679,0.0
6680,0.0875
6681,0.08
6682,0.0825
6683,0.0825
6684,0.085
6685,0.08
6686,0.08
6687,0.0975
6688,0.14
6689,0.2275
6690,0.3
6691,0.34
6692,0.35
6693,0.36
6694,0.36
6695,0.36
6696,0.345
6697,0.23
6698,0.115
6699,0.085
6700,0.0825
6701,0.09
6702,0.09
6703,0.085
6704,0.09
6705,0.09
6706,0.09
6707,0.09
6708,0.09
6709,0.09
6710,0.09
6711,0.09
6712,0.0875
6713,0.09
6714,0.09
6715,0.09
6716,0.0875
6717,0.095
6718,0.0825
6719,0.01
6720,-0.1075
6721,-0.235
6722,-0.3175
6723,-0.3725
6724,-0.4
6725,-0.43
6726,-0.4725
6727,-0.4875
6728,-0.5075
6729,-0.51
6730,-0.5125
6731,-0.51
6732,-0.5025
6733,-0.51
6734,-0.5
6735,-0.4375
6736,-0.375
6737,-0.3225
6738,-0.2625
6739,-0.1775
6740,-0.03
6741,0.0875
6742,0.08
6743,0.08
6744,0.0825
6745,0.0925
6746,0.1625
6747,0.265
6748,0.3675
6749,0.4275
6750,0.4525
6751,0.46
6752,0.4625
6753,0.455
6754,0.4575
6755,0.465
6756,0.4775
6757,0.4925
6758,0.495
6759,0.4925
6760,0.4925
6761,0.495
6762,0.465
6763,0.445
6764,0.4025
6765,0.39
6766,0.345
6767,0.2675
6768,0.19
6769,0.0975
6770,0.08
6771,0.0825
6772,0.08
6773,0.085
6774,0.08
6775,0.11
6776,0.2025
6777,0.305
6778,0.335
6779,0.34
6780,0.335
6781,0.35
6782,0.33
6783,0.23
6784,0.095
6785,0.0825
6786,0.08
6787,0.0975
6788,0.0775
6789,0.0225
6790,-0.07
6791,-0.135
6792,-0.1775
6793,-0.23
6794,-0.3175
6795,-0.36
6796,-0.42
6797,-0.4725
6798,-0.51
6799,-0.53
6800,-0.56
6801,-0.58
6802,-0.6075
6803,-0.6375
6804,-0.68
6805,-0.7125
6806,-0.735
6807,-0.74
6808,-0.7425
6809,-0.76
6810,-0.7525
6811,-0.7525
6812,-0.765
6813,-0.7825
6814,-0.8075
6815,-0.81
6816,-0.815
6817,-0.8025
6818,-0.69
6819,-0.485
6820,-0.2425
6821,-0.035
6822,0.045
6823,0.03
6824,-0.0775
6825,-0.1725
6826,-0.2225
6827,-0.2325
6828,-0.2075
6829,-0.135
6830,-0.015
6831,0.07
6832,0.055
6833,-0.0725
6834,-0.1675
6835,-0.22
6836,-0.22
6837,-0.18
6838,-0.065
6839,0.0125
6840,0.0775
6841,0.0825
6842,0.0625
6843,-0.0175
6844,-0.08
6845,-0.1225
6846,-0.1275
6847,-0.13
6848,-0.13
6849,-0.125
6850,-0.15
6851,-0.1775
6852,-0.18
6853,-0.18
6854,-0.2175
6855,-0.24
6856,-0.235
6857,-0.1425
6858,0.005
6859,0.085
6860,0.08
6861,0.085
6862,0.0825
6863,0.085
6864,0.0825
6865,0.0825
6866,0.085
6867,0.085
6868,0.08
6869,0.09
6870,0.07
6871,-0.02
6872,-0.155
6873,-0.2175
6874,-0.2875
6875,-0.3
6876,-0.285
6877,-0.1975
6878,-0.0875
6879,-0.005
6880,0.0675
6881,0.07
6882,0.07
6883,0.075
6884,0.07
6885,0.0725
6886,0.04
6887,-0.045
6888,-0.1525
6889,-0.285
6890,-0.365
6891,-0.4525
6892,-0.505
6893,-0.5575
6894,-0.61
6895,-0.6475
6896,-0.715
6897,-0.7625
6898,-0.8225
6899,-0.87
6900,-0.91
6901,-0.94
6902,-0.95
6903,-0.955
6904,-0.9525
6905,-0.9525
6906,-0.95
6907,-0.95
6908,-0.95
6909,-0.95
6910,-0.9575
6911,-0.9525
6912,-0.955
6913,-0.955
6914,-0.95
6915,-0.95
6916,-0.95
6917,-0.95
6918,-0.9525
6919,-0.95
6920,-0.955
6921,-0.9525
6922,-0.9525
6923,-0.955
6924,-0.9575
6925,-0.95
6926,-0.95
6927,-0.9525
6928,-0.95
6929,-0.9
6930,-0.7675
6931,-0.5675
6932,-0.435
6933,-0.2525
6934,-0.065
6935,0.0575
6936,0.0825
6937,0.085
6938,0.0875
6939,0.0875
6940,0.0825
6941,0.08
6942,0.0825
6943,0.0825
6944,0.085
6945,0.0875
6946,0.095
6947,0.12
6948,0.15
6949,0.1875
6950,0.2075
6951,0.205
6952,0.165
6953,0.1
6954,0.0875
6955,0.0875
6956,0.0825
6957,0.085
6958,0.0875
6959,0.0875
6960,0.0825
6961,0.08
6962,0.085
6963,0.025
6964,-0.105
6965,-0.21
6966,-0.275
6967,-0.28
6968,-0.2525
6969,-0.115
6970,0.035
6971,0.08
6972,0.0825
6973,0.0825
6974,0.0825
6975,0.085
6976,0.085
6977,0.1
6978,0.1375
6979,0.2075
6980,0.23
6981,0.24
6982,0.235
6983,0.2075
6984,0.1625
6985,0.1
6986,0.085
6987,0.09
6988,0.0875
6989,0.09
6990,0.09
6991,0.0875
6992,0.0875
6993,0.085
6994,0.09
6995,0.0825
6996,0.0875
6997,0.0825
6998,0.09
6999,0.09
7000,0.09
7001,0.085
7002,0.09
7003,0.085
7004,0.09
7005,0.0875
7006,0.0875
7007,0.09
7008,0.0875
7009,0.0875
7010,0.0875
7011,0.09
7012,0.0875
7013,0.085
7014,0.09
7015,0.09
7016,0.09
7017,0.09
7018,0.105
7019,0.085
7020,0.09
7021,0.0875
7022,0.085
7023,0.09
7024,0.0875
7025,0.0825
7026,0.0875
7027,0.09
7028,0.0875
7029,0.085
7030,0.0875
7031,0.09
7032,0.0875
7033,0.085
7034,0.0875
7035,0.09
7036,0.09
7037,0.09
7038,0.0875
7039,0.09
7040,0.0875
7041,0.0825
7042,0.0875
7043,0.0875
7044,0.085
7045,0.0875
7046,0.0875
7047,0.085
7048,0.0875
7049,0.0875
7050,0.09
7051,0.0875
7052,0.09
7053,0.085
7054,0.075
7055,0.0575
7056,0.045
7057,0.03
7058,0.01
7059,-0.0175
7060,-0.0625
7061,-0.0975
7062,-0.1175
7063,-0.1675
7064,-0.1875
7065,-0.2225
7066,-0.23
7067,-0.255
7068,-0.285
7069,-0.32
7070,-0.3375
7071,-0.35
7072,-0.3475
7073,-0.3425
7074,-0.3425
7075,-0.35
7076,-0.3575
7077,-0.37
7078,-0.39
7079,-0.425
7080,-0.4625
7081,-0.4925
7082,-0.5125
7083,-0.5475
7084,-0.5975
7085,-0.635
7086,-0.705
7087,-0.735
7088,-0.7875
7089,-0.8275
7090,-0.845
7091,-0.845
7092,-0.8675
7093,-0.8875
7094,-0.91
7095,-0.915
7096,-0.91
7097,-0.915
7098,-0.915
7099,-0.9125
7100,-0.915
7101,-0.915
7102,-0.8775
7103,-0.6875
7104,-0.5375
7105,-0.46
7106,-0.3475
7107,-0.195
7108,-0.0725
7109,0.075
7110,0.085
7111,0.1
7112,0.12
7113,0.1675
7114,0.2025
7115,0.215
7116,0.2375
7117,0.235
7118,0.2225
7119,0.1925
7120,0.1075
7121,0.085
7122,0.0875
7123,0.09
7124,0.085
7125,0.0875
7126,0.0875
7127,0.09
7128,0.09
7129,0.0825
7130,0.03
7131,0.0075
7132,-0.0075
7133,-0.0075
7134,0.005
7135,0.07
7136,0.0825
7137,0.085
7138,0.085
7139,0.085
7140,0.085
7141,0.0875
7142,0.085
7143,0.08
7144,0.0825
7145,0.085
7146,0.0325
7147,-0.0325
7148,-0.07
7149,-0.0925
7150,-0.09
7151,-0.095
7152,-0.08
7153,-0.06
7154,-0.02
7155,0.0025
7156,0.07
7157,0.0775
7158,0.075
7159,0.0725
7160,0.085
7161,0.09
7162,0.0775
7163,0.095
7164,0.1
7165,0.1
7166,0.1025
7167,0.1
7168,0.09
7169,0.08
7170,0.0075
7171,-0.03
7172,-0.0375
7173,-0.04
7174,-0.0325
7175,-0.005
7176,0.02
7177,0.0625
7178,0.07
7179,0.0775
7180,0.0875
7181,0.0525
7182,-0.0175
7183,-0.0875
7184,-0.1375
7185,-0.175
7186,-0.22
7187,-0.2875
7188,-0.34
7189,-0.3975
7190,-0.46
7191,-0.52
7192,-0.585
7193,-0.675
7194,-0.7425
7195,-0.805
7196,-0.8375
7197,-0.8975
7198,-0.9375
7199,-0.9575
7200,-0.96
7201,-0.97
7202,-0.965
7203,-0.9775
7204,-0.98
7205,-0.99
7206,-0.99
7207,-0.99
7208,-0.995
7209,-0.99
7210,-0.99
7211,-0.995
7212,-0.99
7213,-0.99
7214,-0.9675
7215,-0.9625
7216,-0.9525
7217,-0.94
7218,-0.935
7219,-0.9025
7220,-0.8275
7221,-0.6825
7222,-0.54
7223,-0.47
7224,-0.43
7225,-0.385
7226,-0.31
7227,-0.235
7228,-0.1675
7229,-0.12
7230,-0.055
7231,0.0325
7232,0.0825
7233,0.08
7234,0.08
7235,0.08
7236,0.08
7237,0.085
7238,0.08
7239,0.08
7240,0.08
7241,0.0875
7242,0.08
7243,0.0825
7244,0.0875
7245,0.09
7246,0.125
7247,0.1625
7248,0.195
7249,0.1925
7250,0.185
7251,0.13
7252,0.095
7253,0.09
7254,0.09
7255,0.09
7256,0.095
7257,0.145
7258,0.22
7259,0.275
7260,0.29
7261,0.2375
7262,0.155
7263,0.0875
7264,0.09
7265,0.08
7266,0.085
7267,0.0825
7268,0.09
7269,0.09
7270,0.085
7271,0.085
7272,0.0875
7273,0.09
7274,0.0875
7275,0.09
7276,0.09
7277,0.0875
7278,0.09
7279,0.09
7280,0.09
7281,0.09
7282,0.09
7283,0.0875
7284,0.09
7285,0.0875
7286,0.09
7287,0.085
7288,0.09
7289,0.09
7290,0.085
7291,0.0775
7292,0.09
7293,0.09
7294,0.0875
7295,0.09
7296,0.09
7297,0.09
7298,0.09
7299,0.09
7300,0.085
7301,0.09
7302,0.0825
7303,0.0825
7304,0.085
7305,0.09
7306,0.0875
7307,0.0875
7308,0.0875
7309,0.09
7310,0.09
7311,0.085
7312,0.0875
7313,0.0875
7314,0.085
7315,0.085
7316,0.09
7317,0.085
7318,0.085
7319,0.0875
7320,0.09
7321,0.085
7322,0.09
7323,0.0875
7324,0.0875
7325,0.09
7326,0.09
7327,0.09
7328,0.09
7329,0.09
7330,0.09
7331,0.09
7332,0.09
7333,0.09
7334,0.09
7335,0.09
7336,0.09
7337,0.09
